motor_status,timestamp,ub_tank,lb_bottle,ub_bottle,flowlevel,ll_tank,ll_bottle,lb_tank,sensor2_thresh
1,2021-05-03 21:21:10.611094,5.81,0.0,0.9,0.0,5.22152777777779,0.04537037014961243,0.3,3.0
1,2021-05-03 21:21:14.153236,5.81,0.0,0.9,2.450000047683716,5.16481481481483,0.20416666567325592,0.3,3.0
1,2021-05-03 21:21:18.411552,5.81,0.0,0.9,2.450000047683716,5.01736111111112,0.5217592716217041,0.3,3.0
1,2021-05-03 21:21:21.596566,5.81,0.0,0.9,2.450000047683716,4.84722222222223,0.8847222328186035,0.3,3.0
1,2021-05-03 21:21:24.694435,5.81,0.0,0.9,2.450000047683716,4.72245370370371,0.0,0.3,3.0
1,2021-05-03 21:21:28.701896,5.81,0.0,0.9,2.450000047683716,4.5863425925926,0.29490742087364197,0.3,3.0
1,2021-05-03 21:21:33.980904,5.81,0.0,0.9,0.0,4.47291666666667,0.5217592716217041,0.3,3.0
1,2021-05-03 21:21:38.190179,5.81,0.0,0.9,2.450000047683716,4.35949074074075,0.7259259223937988,0.3,3.0
0,2021-05-03 21:21:42.317745,5.81,0.0,0.9,2.450000047683716,4.2800925925926,0.9074074029922485,0.3,3.0
1,2021-05-03 21:21:46.809015,5.81,0.0,0.9,2.450000047683716,4.21203703703704,0.06805555522441864,0.3,3.0
1,2021-05-03 21:21:51.062035,5.81,0.0,0.9,2.450000047683716,4.05324074074074,0.3629629611968994,0.3,3.0
1,2021-05-03 21:21:54.607999,5.81,0.0,0.9,2.450000047683716,3.97384259259259,0.4763889014720917,0.3,3.0
1,2021-05-03 21:21:59.126719,5.81,0.0,0.9,0.0,3.88310185185185,0.657870352268219,0.3,3.0
1,2021-05-03 21:22:03.352400,5.81,0.0,0.9,2.450000047683716,3.8037037037037,0.8847222328186035,0.3,3.0
1,2021-05-03 21:22:07.640177,5.81,0.0,0.9,2.450000047683716,3.70162037037037,0.022685185074806213,0.3,3.0
1,2021-05-03 21:22:11.228136,5.81,0.0,0.9,0.0,3.59953703703703,0.06805555522441864,0.3,3.0
1,2021-05-03 21:22:15.451834,5.81,0.0,0.9,2.450000047683716,3.52013888888888,0.24953703582286835,0.3,3.0
1,2021-05-03 21:22:18.993919,5.81,0.0,0.9,2.450000047683716,3.45208333333333,0.3856481611728668,0.3,3.0
1,2021-05-03 21:22:22.914090,5.81,0.0,0.9,0.0,3.37268518518518,0.5217592716217041,0.3,3.0
1,2021-05-03 21:22:27.198291,5.81,0.0,0.9,2.450000047683716,3.30462962962962,0.7032407522201538,0.3,3.0
1,2021-05-03 21:22:30.920084,5.81,0.0,0.9,2.450000047683716,3.23657407407407,0.8847222328186035,0.3,3.0
0,2021-05-03 21:22:34.934817,5.81,0.0,0.9,0.0,3.14583333333332,0.9074074029922485,0.3,3.0
0,2021-05-03 21:22:38.991303,5.81,0.0,0.9,0.0,3.11180555555555,0.11342592537403107,0.3,3.0
1,2021-05-03 21:22:42.767164,5.81,0.0,0.9,0.0,3.0210648148148,0.24953703582286835,0.3,3.0
1,2021-05-03 21:22:46.646897,5.81,0.0,0.9,0.0,2.91898148148147,0.45370370149612427,0.3,3.0
1,2021-05-03 21:22:50.608966,5.81,0.0,0.9,2.450000047683716,2.85092592592591,0.657870352268219,0.3,3.0
1,2021-05-03 21:22:54.135278,5.81,0.0,0.9,2.450000047683716,2.76018518518517,0.8166666626930237,0.3,3.0
0,2021-05-03 21:22:57.860530,5.81,0.0,0.9,2.450000047683716,2.65810185185184,0.9074074029922485,0.3,3.0
1,2021-05-03 21:23:01.679449,5.81,0.0,0.9,0.0,2.64675925925924,0.09074074029922485,0.3,3.0
1,2021-05-03 21:23:05.308418,5.81,0.0,0.9,2.450000047683716,2.54467592592591,0.22685185074806213,0.3,3.0
1,2021-05-03 21:23:09.652778,5.81,0.0,0.9,2.450000047683716,2.46527777777776,0.40833333134651184,0.3,3.0
1,2021-05-03 21:23:14.018918,5.81,0.0,0.9,2.450000047683716,2.3972222222222,0.612500011920929,0.3,3.0
1,2021-05-03 21:23:17.937680,5.81,0.0,0.9,0.0,2.30648148148146,0.6805555820465088,0.3,3.0
1,2021-05-03 21:23:21.820033,5.81,0.0,0.9,0.0,2.21574074074072,0.8847222328186035,0.3,3.0
1,2021-05-03 21:23:25.537767,5.81,0.0,0.9,2.450000047683716,2.14768518518516,0.0,0.3,3.0
1,2021-05-03 21:23:29.535055,5.81,0.0,0.9,0.0,2.06828703703701,0.06805555522441864,0.3,3.0
1,2021-05-03 21:23:33.815418,5.81,0.0,0.9,2.450000047683716,1.98888888888886,0.24953703582286835,0.3,3.0
1,2021-05-03 21:23:38.121267,5.81,0.0,0.9,2.450000047683716,1.90949074074071,0.4763889014720917,0.3,3.0
1,2021-05-03 21:23:41.782059,5.81,0.0,0.9,2.450000047683716,1.81874999999997,0.635185182094574,0.3,3.0
1,2021-05-03 21:23:46.574804,5.81,0.0,0.9,0.0,1.70532407407405,0.7712963223457336,0.3,3.0
0,2021-05-03 21:23:50.258656,5.81,0.0,0.9,2.450000047683716,1.64861111111108,0.9074074029922485,0.3,3.0
1,2021-05-03 21:23:54.108743,5.81,0.0,0.9,0.0,1.58055555555553,0.11342592537403107,0.3,3.0
1,2021-05-03 21:23:58.335481,5.81,0.0,0.9,2.450000047683716,1.4671296296296,0.27222222089767456,0.3,3.0
1,2021-05-03 21:24:02.153281,5.81,0.0,0.9,2.450000047683716,1.41041666666663,0.43101853132247925,0.3,3.0
1,2021-05-03 21:24:06.219607,5.81,0.0,0.9,2.450000047683716,1.31967592592589,0.5444444417953491,0.3,3.0
1,2021-05-03 21:24:10.708835,5.81,0.0,0.9,2.450000047683716,1.24027777777774,0.7259259223937988,0.3,3.0
1,2021-05-03 21:24:14.979681,5.81,0.0,0.9,2.450000047683716,1.17222222222219,0.8847222328186035,0.3,3.0
1,2021-05-03 21:24:19.057051,5.81,0.0,0.9,0.0,1.09282407407404,0.022685185074806213,0.3,3.0
1,2021-05-03 21:24:23.034374,5.81,0.0,0.9,2.450000047683716,1.0020833333333,0.20416666567325592,0.3,3.0
1,2021-05-03 21:24:27.113128,5.81,0.0,0.9,2.450000047683716,0.945370370370334,0.40833333134651184,0.3,3.0
1,2021-05-03 21:24:30.927887,5.81,0.0,0.9,0.0,0.865972222222185,0.4763889014720917,0.3,3.0
1,2021-05-03 21:24:34.823562,5.81,0.0,0.9,0.0,0.786574074074037,0.635185182094574,0.3,3.0
1,2021-05-03 21:24:38.501992,5.81,0.0,0.9,2.450000047683716,0.718518518518482,0.8393518328666687,0.3,3.0
0,2021-05-03 21:24:42.152762,5.81,0.0,0.9,0.0,0.639120370370334,0.9074074029922485,0.3,3.0
1,2021-05-03 21:24:46.110493,5.81,0.0,0.9,0.0,0.616435185185149,0.09074074029922485,0.3,3.0
1,2021-05-03 21:24:49.500625,5.81,0.0,0.9,2.450000047683716,0.468981481481445,0.3402777910232544,0.3,3.0
1,2021-05-03 21:24:53.253544,5.81,0.0,0.9,2.450000047683716,0.389583333333297,0.4763889014720917,0.3,3.0
1,2021-05-03 21:24:57.018630,5.81,0.0,0.9,2.450000047683716,0.332870370370334,0.6805555820465088,0.3,3.0
1,2021-05-03 21:25:00.642017,5.81,0.0,0.9,0.0,5.8,0.7486110925674438,0.3,3.0
1,2021-05-03 21:25:04.727226,5.81,0.0,0.9,2.450000047683716,5.72060185185185,0.9074074029922485,0.3,3.0
1,2021-05-03 21:25:08.664237,5.81,0.0,0.9,2.450000047683716,5.66388888888889,0.22685185074806213,0.3,3.0
1,2021-05-03 21:25:12.458405,5.81,0.0,0.9,0.0,5.5164351851852,0.3856481611728668,0.3,3.0
1,2021-05-03 21:25:16.353167,5.81,0.0,0.9,2.450000047683716,5.43703703703705,0.5671296119689941,0.3,3.0
1,2021-05-03 21:25:19.844895,5.81,0.0,0.9,2.450000047683716,5.38032407407409,0.7032407522201538,0.3,3.0
1,2021-05-03 21:25:23.780272,5.81,0.0,0.9,0.0,5.30092592592594,0.8166666626930237,0.3,3.0
1,2021-05-03 21:25:27.868904,5.81,0.0,0.9,2.450000047683716,5.23287037037039,0.9074074029922485,0.3,3.0
1,2021-05-03 21:25:31.511400,5.81,0.0,0.9,2.450000047683716,5.17615740740742,0.1814814805984497,0.3,3.0
1,2021-05-03 21:25:35.603282,5.81,0.0,0.9,0.0,5.08541666666668,0.24953703582286835,0.3,3.0
1,2021-05-03 21:25:39.541361,5.81,0.0,0.9,2.450000047683716,5.01736111111112,0.45370370149612427,0.3,3.0
1,2021-05-03 21:25:43.350872,5.81,0.0,0.9,2.450000047683716,4.92662037037038,0.6805555820465088,0.3,3.0
1,2021-05-03 21:25:47.286745,5.81,0.0,0.9,0.0,4.82453703703705,0.7712963223457336,0.3,3.0
1,2021-05-03 21:25:51.124580,5.81,0.0,0.9,2.450000047683716,4.75648148148149,0.9074074029922485,0.3,3.0
1,2021-05-03 21:25:54.765476,5.81,0.0,0.9,2.450000047683716,4.71111111111112,0.1814814805984497,0.3,3.0
1,2021-05-03 21:25:58.882150,5.81,0.0,0.9,0.0,4.60902777777779,0.24953703582286835,0.3,3.0
1,2021-05-03 21:26:02.822900,5.81,0.0,0.9,2.450000047683716,4.54097222222223,0.45370370149612427,0.3,3.0
1,2021-05-03 21:26:06.417422,5.81,0.0,0.9,2.450000047683716,4.45023148148149,0.635185182094574,0.3,3.0
1,2021-05-03 21:26:10.403031,5.81,0.0,0.9,2.450000047683716,4.35949074074075,0.7486110925674438,0.3,3.0
0,2021-05-03 21:26:14.001617,5.81,0.0,0.9,2.450000047683716,4.30277777777778,0.9074074029922485,0.3,3.0
1,2021-05-03 21:26:18.100904,5.81,0.0,0.9,0.0,4.24606481481482,0.13611111044883728,0.3,3.0
1,2021-05-03 21:26:22.322188,5.81,0.0,0.9,2.450000047683716,4.10995370370371,0.29490742087364197,0.3,3.0
1,2021-05-03 21:26:26.213337,5.81,0.0,0.9,2.450000047683716,4.05324074074074,0.45370370149612427,0.3,3.0
1,2021-05-03 21:26:29.830467,5.81,0.0,0.9,2.450000047683716,3.98518518518519,0.5217592716217041,0.3,3.0
1,2021-05-03 21:26:34.923727,5.81,0.0,0.9,2.450000047683716,3.90578703703704,0.7032407522201538,0.3,3.0
1,2021-05-03 21:26:38.897802,5.81,0.0,0.9,2.450000047683716,3.82638888888889,0.9074074029922485,0.3,3.0
1,2021-05-03 21:26:42.396423,5.81,0.0,0.9,2.450000047683716,3.75833333333333,0.06805555522441864,0.3,3.0
1,2021-05-03 21:26:46.553562,5.81,0.0,0.9,0.0,3.66759259259259,0.22685185074806213,0.3,3.0
1,2021-05-03 21:26:50.431621,5.81,0.0,0.9,2.450000047683716,3.59953703703703,0.43101853132247925,0.3,3.0
1,2021-05-03 21:26:54.634867,5.81,0.0,0.9,0.0,3.53148148148148,0.4990740716457367,0.3,3.0
1,2021-05-03 21:26:58.939531,5.81,0.0,0.9,2.450000047683716,3.44074074074073,0.6805555820465088,0.3,3.0
1,2021-05-03 21:27:03.677149,5.81,0.0,0.9,2.450000047683716,3.36134259259259,0.9074074029922485,0.3,3.0
1,2021-05-03 21:27:06.903733,5.81,0.0,0.9,2.450000047683716,3.28194444444444,0.13611111044883728,0.3,3.0
1,2021-05-03 21:27:10.952629,5.81,0.0,0.9,2.450000047683716,3.19120370370369,0.29490742087364197,0.3,3.0
1,2021-05-03 21:27:14.876155,5.81,0.0,0.9,2.450000047683716,3.12314814814814,0.4763889014720917,0.3,3.0
1,2021-05-03 21:27:18.456801,5.81,0.0,0.9,2.450000047683716,3.04374999999999,0.5898148417472839,0.3,3.0
1,2021-05-03 21:27:22.669618,5.81,0.0,0.9,2.450000047683716,2.93032407407406,0.8393518328666687,0.3,3.0
0,2021-05-03 21:27:26.186510,5.81,0.0,0.9,2.450000047683716,2.85092592592591,0.9074074029922485,0.3,3.0
1,2021-05-03 21:27:30.099890,5.81,0.0,0.9,2.450000047683716,2.79421296296295,0.13611111044883728,0.3,3.0
1,2021-05-03 21:27:34.358049,5.81,0.0,0.9,2.450000047683716,2.68078703703702,0.27222222089767456,0.3,3.0
1,2021-05-03 21:27:38.502823,5.81,0.0,0.9,2.450000047683716,2.60138888888887,0.4990740716457367,0.3,3.0
1,2021-05-03 21:27:41.932432,5.81,0.0,0.9,2.450000047683716,2.49930555555554,0.657870352268219,0.3,3.0
1,2021-05-03 21:27:45.867337,5.81,0.0,0.9,2.450000047683716,2.4085648148148,0.7712963223457336,0.3,3.0
0,2021-05-03 21:27:49.260368,5.81,0.0,0.9,2.450000047683716,2.35185185185183,0.9074074029922485,0.3,3.0
1,2021-05-03 21:27:53.080838,5.81,0.0,0.9,2.450000047683716,2.29513888888887,0.11342592537403107,0.3,3.0
1,2021-05-03 21:27:57.108699,5.81,0.0,0.9,2.450000047683716,2.15902777777776,0.3402777910232544,0.3,3.0
1,2021-05-03 21:28:00.784554,5.81,0.0,0.9,2.450000047683716,2.0909722222222,0.4990740716457367,0.3,3.0
1,2021-05-03 21:28:04.686305,5.81,0.0,0.9,2.450000047683716,2.00023148148146,0.612500011920929,0.3,3.0
1,2021-05-03 21:28:08.751679,5.81,0.0,0.9,2.450000047683716,1.92083333333331,0.7939814925193787,0.3,3.0
0,2021-05-03 21:28:12.521004,5.81,0.0,0.9,2.450000047683716,1.85277777777775,0.9074074029922485,0.3,3.0
1,2021-05-03 21:28:16.094601,5.81,0.0,0.9,2.450000047683716,1.80740740740738,0.11342592537403107,0.3,3.0
1,2021-05-03 21:28:20.340516,5.81,0.0,0.9,2.450000047683716,1.70532407407405,0.24953703582286835,0.3,3.0
1,2021-05-03 21:28:24.765848,5.81,0.0,0.9,2.450000047683716,1.63726851851849,0.45370370149612427,0.3,3.0
1,2021-05-03 21:28:28.555047,5.81,0.0,0.9,2.450000047683716,1.53518518518515,0.6805555820465088,0.3,3.0
1,2021-05-03 21:28:33.059475,5.81,0.0,0.9,2.450000047683716,1.43310185185182,0.7939814925193787,0.3,3.0
1,2021-05-03 21:28:37.800275,5.81,0.0,0.9,2.450000047683716,1.34236111111108,0.9074074029922485,0.3,3.0
1,2021-05-03 21:28:41.893216,5.81,0.0,0.9,2.450000047683716,1.26296296296293,0.13611111044883728,0.3,3.0
1,2021-05-03 21:28:46.972917,5.81,0.0,0.9,2.450000047683716,1.16087962962959,0.29490742087364197,0.3,3.0
1,2021-05-03 21:28:51.369958,5.81,0.0,0.9,2.450000047683716,1.05879629629626,0.5217592716217041,0.3,3.0
1,2021-05-03 21:28:55.265120,5.81,0.0,0.9,2.450000047683716,0.990740740740704,0.7032407522201538,0.3,3.0
0,2021-05-03 21:28:58.795103,5.81,0.0,0.9,2.450000047683716,0.911342592592556,0.9074074029922485,0.3,3.0
1,2021-05-03 21:29:03.059708,5.81,0.0,0.9,0.0,0.843287037037,0.06805555522441864,0.3,3.0
1,2021-05-03 21:29:07.282384,5.81,0.0,0.9,2.450000047683716,0.695833333333297,0.3856481611728668,0.3,3.0
1,2021-05-03 21:29:11.206728,5.81,0.0,0.9,0.0,0.616435185185149,0.45370370149612427,0.3,3.0
1,2021-05-03 21:29:15.322900,5.81,0.0,0.9,2.450000047683716,0.525694444444408,0.635185182094574,0.3,3.0
1,2021-05-03 21:29:19.132682,5.81,0.0,0.9,2.450000047683716,0.457638888888852,0.8166666626930237,0.3,3.0
0,2021-05-03 21:29:22.549763,5.81,0.0,0.9,2.450000047683716,0.378240740740704,0.9074074029922485,0.3,3.0
1,2021-05-03 21:29:26.341038,5.81,0.0,0.9,0.0,0.310185185185149,0.09074074029922485,0.3,3.0
1,2021-05-03 21:29:30.155583,5.81,0.0,0.9,2.450000047683716,5.76597222222222,0.3629629611968994,0.3,3.0
1,2021-05-03 21:29:33.687852,5.81,0.0,0.9,0.0,5.69791666666667,0.40833333134651184,0.3,3.0
1,2021-05-03 21:29:37.531729,5.81,0.0,0.9,2.450000047683716,5.61851851851852,0.5671296119689941,0.3,3.0
1,2021-05-03 21:29:41.098787,5.81,0.0,0.9,2.450000047683716,5.56180555555556,0.7939814925193787,0.3,3.0
1,2021-05-03 21:29:45.013819,5.81,0.0,0.9,2.450000047683716,5.47106481481483,0.8620370626449585,0.3,3.0
1,2021-05-03 21:29:48.925358,5.81,0.0,0.9,2.450000047683716,5.39166666666668,0.0,0.3,3.0
1,2021-05-03 21:29:52.460779,5.81,0.0,0.9,2.450000047683716,5.34629629629631,0.20416666567325592,0.3,3.0
1,2021-05-03 21:29:56.197312,5.81,0.0,0.9,2.450000047683716,5.25555555555557,0.27222222089767456,0.3,3.0
1,2021-05-03 21:30:00.154059,5.81,0.0,0.9,2.450000047683716,5.18750000000002,0.4763889014720917,0.3,3.0
1,2021-05-03 21:30:03.868449,5.81,0.0,0.9,0.0,5.10810185185187,0.5444444417953491,0.3,3.0
1,2021-05-03 21:30:08.724654,5.81,0.0,0.9,2.450000047683716,5.02870370370372,0.7486110925674438,0.3,3.0
0,2021-05-03 21:30:12.372540,5.81,0.0,0.9,2.450000047683716,4.93796296296298,0.9074074029922485,0.3,3.0
1,2021-05-03 21:30:16.125333,5.81,0.0,0.9,2.450000047683716,4.88125000000001,0.11342592537403107,0.3,3.0
1,2021-05-03 21:30:20.590854,5.81,0.0,0.9,2.450000047683716,4.76782407407408,0.29490742087364197,0.3,3.0
1,2021-05-03 21:30:24.779965,5.81,0.0,0.9,2.450000047683716,4.68842592592594,0.5217592716217041,0.3,3.0
1,2021-05-03 21:30:29.043992,5.81,0.0,0.9,0.0,4.59768518518519,0.5898148417472839,0.3,3.0
1,2021-05-03 21:30:33.322185,5.81,0.0,0.9,2.450000047683716,4.51828703703704,0.7712963223457336,0.3,3.0
0,2021-05-03 21:30:37.120295,5.81,0.0,0.9,2.450000047683716,4.45023148148149,0.9074074029922485,0.3,3.0
1,2021-05-03 21:30:40.709296,5.81,0.0,0.9,2.450000047683716,4.38217592592593,0.13611111044883728,0.3,3.0
1,2021-05-03 21:30:45.296717,5.81,0.0,0.9,2.450000047683716,4.26875,0.29490742087364197,0.3,3.0
1,2021-05-03 21:30:49.248418,5.81,0.0,0.9,2.450000047683716,4.18935185185186,0.5217592716217041,0.3,3.0
1,2021-05-03 21:30:53.027430,5.81,0.0,0.9,0.0,4.10995370370371,0.5898148417472839,0.3,3.0
1,2021-05-03 21:30:57.701212,5.81,0.0,0.9,0.0,4.03055555555556,0.7939814925193787,0.3,3.0
1,2021-05-03 21:31:01.908188,5.81,0.0,0.9,2.450000047683716,3.93981481481481,0.9074074029922485,0.3,3.0
1,2021-05-03 21:31:06.035012,5.81,0.0,0.9,2.450000047683716,3.87175925925926,0.13611111044883728,0.3,3.0
1,2021-05-03 21:31:09.963598,5.81,0.0,0.9,0.0,3.75833333333333,0.29490742087364197,0.3,3.0
1,2021-05-03 21:31:13.927826,5.81,0.0,0.9,2.450000047683716,3.69027777777777,0.4763889014720917,0.3,3.0
1,2021-05-03 21:31:17.665565,5.81,0.0,0.9,2.450000047683716,3.61087962962963,0.7032407522201538,0.3,3.0
1,2021-05-03 21:31:21.871190,5.81,0.0,0.9,2.450000047683716,3.50879629629629,0.7939814925193787,0.3,3.0
0,2021-05-03 21:31:26.537492,5.81,0.0,0.9,2.450000047683716,3.44074074074073,0.9074074029922485,0.3,3.0
1,2021-05-03 21:31:30.753673,5.81,0.0,0.9,0.0,3.40671296296296,0.06805555522441864,0.3,3.0
1,2021-05-03 21:31:35.355201,5.81,0.0,0.9,2.450000047683716,3.30462962962962,0.22685185074806213,0.3,3.0
1,2021-05-03 21:31:39.584822,5.81,0.0,0.9,0.0,3.20254629629629,0.43101853132247925,0.3,3.0
1,2021-05-03 21:31:44.370039,5.81,0.0,0.9,2.450000047683716,3.12314814814814,0.635185182094574,0.3,3.0
1,2021-05-03 21:31:48.764677,5.81,0.0,0.9,2.450000047683716,3.04374999999999,0.8620370626449585,0.3,3.0
0,2021-05-03 21:31:52.494139,5.81,0.0,0.9,2.450000047683716,2.94166666666665,0.9074074029922485,0.3,3.0
1,2021-05-03 21:31:56.821905,5.81,0.0,0.9,0.0,2.8736111111111,0.022685185074806213,0.3,3.0
1,2021-05-03 21:32:01.139698,5.81,0.0,0.9,2.450000047683716,2.72615740740739,0.3856481611728668,0.3,3.0
1,2021-05-03 21:32:05.179850,5.81,0.0,0.9,2.450000047683716,2.63541666666665,0.5898148417472839,0.3,3.0
1,2021-05-03 21:32:09.829909,5.81,0.0,0.9,2.450000047683716,2.52199074074072,0.7032407522201538,0.3,3.0
1,2021-05-03 21:32:14.369011,5.81,0.0,0.9,2.450000047683716,2.43124999999998,0.8847222328186035,0.3,3.0
1,2021-05-03 21:32:19.126563,5.81,0.0,0.9,2.450000047683716,2.36319444444442,0.0,0.3,3.0
1,2021-05-03 21:32:23.476786,5.81,0.0,0.9,2.450000047683716,2.27245370370368,0.1587962955236435,0.3,3.0
1,2021-05-03 21:32:27.480205,5.81,0.0,0.9,2.450000047683716,2.17037037037035,0.317592591047287,0.3,3.0
1,2021-05-03 21:32:32.189121,5.81,0.0,0.9,2.450000047683716,2.10231481481479,0.4990740716457367,0.3,3.0
1,2021-05-03 21:32:37.671292,5.81,0.0,0.9,2.450000047683716,2.00023148148146,0.7486110925674438,0.3,3.0
1,2021-05-03 21:32:43.433924,5.81,0.0,0.9,2.450000047683716,1.88680555555553,0.9074074029922485,0.3,3.0
1,2021-05-03 21:32:47.496685,5.81,0.0,0.9,2.450000047683716,1.7733796296296,0.1587962955236435,0.3,3.0
1,2021-05-03 21:32:51.168375,5.81,0.0,0.9,0.0,1.68263888888886,0.24953703582286835,0.3,3.0
1,2021-05-03 21:32:55.277016,5.81,0.0,0.9,2.450000047683716,1.60324074074071,0.43101853132247925,0.3,3.0
1,2021-05-03 21:32:58.954618,5.81,0.0,0.9,2.450000047683716,1.53518518518515,0.635185182094574,0.3,3.0
1,2021-05-03 21:33:02.794688,5.81,0.0,0.9,0.0,1.45578703703701,0.7032407522201538,0.3,3.0
1,2021-05-03 21:33:06.734952,5.81,0.0,0.9,2.450000047683716,1.37638888888886,0.8847222328186035,0.3,3.0
1,2021-05-03 21:33:11.225230,5.81,0.0,0.9,2.450000047683716,1.3083333333333,0.0,0.3,3.0
1,2021-05-03 21:33:14.965780,5.81,0.0,0.9,2.450000047683716,1.20624999999997,0.20416666567325592,0.3,3.0
1,2021-05-03 21:33:19.349783,5.81,0.0,0.9,2.450000047683716,1.10416666666663,0.29490742087364197,0.3,3.0
1,2021-05-03 21:33:23.740936,5.81,0.0,0.9,2.450000047683716,1.02476851851848,0.4990740716457367,0.3,3.0
1,2021-05-03 21:33:28.679457,5.81,0.0,0.9,2.450000047683716,0.934027777777741,0.7032407522201538,0.3,3.0
1,2021-05-03 21:33:33.359188,5.81,0.0,0.9,2.450000047683716,0.831944444444408,0.8166666626930237,0.3,3.0
1,2021-05-03 21:33:38.318644,5.81,0.0,0.9,2.450000047683716,0.741203703703667,0.0,0.3,3.0
1,2021-05-03 21:33:42.556418,5.81,0.0,0.9,2.450000047683716,0.650462962962926,0.1814814805984497,0.3,3.0
1,2021-05-03 21:33:47.072989,5.81,0.0,0.9,2.450000047683716,0.593749999999963,0.3629629611968994,0.3,3.0
1,2021-05-03 21:33:50.867382,5.81,0.0,0.9,2.450000047683716,0.503009259259223,0.5671296119689941,0.3,3.0
1,2021-05-03 21:33:54.857026,5.81,0.0,0.9,2.450000047683716,0.423611111111074,0.635185182094574,0.3,3.0
1,2021-05-03 21:33:58.914823,5.81,0.0,0.9,2.450000047683716,0.355555555555519,0.7939814925193787,0.3,3.0
1,2021-05-03 21:34:03.365161,5.81,0.0,0.9,2.450000047683716,0.298842592592556,0.0,0.3,3.0
1,2021-05-03 21:34:07.259519,5.81,0.0,0.9,2.450000047683716,5.77731481481482,0.1587962955236435,0.3,3.0
1,2021-05-03 21:34:11.805923,5.81,0.0,0.9,0.0,5.68657407407408,0.22685185074806213,0.3,3.0
1,2021-05-03 21:34:16.929413,5.81,0.0,0.9,2.450000047683716,5.60717592592593,0.45370370149612427,0.3,3.0
1,2021-05-03 21:34:21.112686,5.81,0.0,0.9,2.450000047683716,5.52777777777779,0.6805555820465088,0.3,3.0
1,2021-05-03 21:34:25.023897,5.81,0.0,0.9,0.0,5.42569444444446,0.7486110925674438,0.3,3.0
1,2021-05-03 21:34:28.838195,5.81,0.0,0.9,2.450000047683716,5.35763888888891,0.9074074029922485,0.3,3.0
1,2021-05-03 21:34:33.357812,5.81,0.0,0.9,2.450000047683716,5.28958333333335,0.20416666567325592,0.3,3.0
1,2021-05-03 21:34:37.138612,5.81,0.0,0.9,2.450000047683716,5.18750000000002,0.40833333134651184,0.3,3.0
1,2021-05-03 21:34:41.012830,5.81,0.0,0.9,2.450000047683716,5.08541666666668,0.4990740716457367,0.3,3.0
1,2021-05-03 21:34:45.075499,5.81,0.0,0.9,2.450000047683716,5.02870370370372,0.7032407522201538,0.3,3.0
0,2021-05-03 21:34:49.280344,5.81,0.0,0.9,2.450000047683716,4.92662037037038,0.9074074029922485,0.3,3.0
1,2021-05-03 21:34:53.744618,5.81,0.0,0.9,2.450000047683716,4.84722222222223,0.06805555522441864,0.3,3.0
1,2021-05-03 21:34:58.538820,5.81,0.0,0.9,2.450000047683716,4.69976851851853,0.3629629611968994,0.3,3.0
1,2021-05-03 21:35:02.989987,5.81,0.0,0.9,2.450000047683716,4.5863425925926,0.5671296119689941,0.3,3.0
1,2021-05-03 21:35:06.610260,5.81,0.0,0.9,2.450000047683716,4.50694444444445,0.7032407522201538,0.3,3.0
1,2021-05-03 21:35:11.563114,5.81,0.0,0.9,0.0,4.40486111111112,0.8393518328666687,0.3,3.0
1,2021-05-03 21:35:15.751884,5.81,0.0,0.9,2.450000047683716,4.31412037037038,0.0,0.3,3.0
1,2021-05-03 21:35:19.464046,5.81,0.0,0.9,2.450000047683716,4.24606481481482,0.20416666567325592,0.3,3.0
1,2021-05-03 21:35:23.746766,5.81,0.0,0.9,0.0,4.15532407407408,0.27222222089767456,0.3,3.0
1,2021-05-03 21:35:27.920898,5.81,0.0,0.9,2.450000047683716,4.09861111111111,0.4763889014720917,0.3,3.0
1,2021-05-03 21:35:32.055171,5.81,0.0,0.9,0.0,4.01921296296296,0.5217592716217041,0.3,3.0
1,2021-05-03 21:35:36.404377,5.81,0.0,0.9,0.0,3.93981481481481,0.6805555820465088,0.3,3.0
1,2021-05-03 21:35:40.503370,5.81,0.0,0.9,2.450000047683716,3.87175925925926,0.8847222328186035,0.3,3.0
1,2021-05-03 21:35:45.547614,5.81,0.0,0.9,2.450000047683716,3.78101851851852,0.022685185074806213,0.3,3.0
1,2021-05-03 21:35:49.632235,5.81,0.0,0.9,2.450000047683716,3.65625,0.24953703582286835,0.3,3.0
1,2021-05-03 21:35:53.539490,5.81,0.0,0.9,0.0,3.55416666666666,0.3402777910232544,0.3,3.0
1,2021-05-03 21:36:04.210698,5.81,0.0,0.9,2.450000047683716,3.48611111111111,0.5217592716217041,0.3,3.0
0,2021-05-03 21:36:10.320289,5.81,0.0,0.9,2.450000047683716,3.31597222222221,0.9074074029922485,0.3,3.0
1,2021-05-03 21:36:15.808293,5.81,0.0,0.9,0.0,3.23657407407407,0.1814814805984497,0.3,3.0
1,2021-05-03 21:36:21.524378,5.81,0.0,0.9,2.450000047683716,3.05509259259258,0.4763889014720917,0.3,3.0
1,2021-05-03 21:36:25.642229,5.81,0.0,0.9,2.450000047683716,2.95300925925925,0.635185182094574,0.3,3.0
1,2021-05-03 21:36:28.512295,5.81,0.0,0.9,2.450000047683716,2.89629629629628,0.7486110925674438,0.3,3.0
0,2021-05-03 21:36:31.756450,5.81,0.0,0.9,2.450000047683716,2.78287037037036,0.9074074029922485,0.3,3.0
1,2021-05-03 21:36:34.881618,5.81,0.0,0.9,0.0,2.68078703703702,0.04537037014961243,0.3,3.0
1,2021-05-03 21:36:38.075547,5.81,0.0,0.9,2.450000047683716,2.63541666666665,0.1814814805984497,0.3,3.0
1,2021-05-03 21:36:41.547207,5.81,0.0,0.9,2.450000047683716,2.51064814814813,0.4990740716457367,0.3,3.0
1,2021-05-03 21:36:44.818743,5.81,0.0,0.9,2.450000047683716,2.37453703703702,0.7259259223937988,0.3,3.0
0,2021-05-03 21:36:47.844721,5.81,0.0,0.9,2.450000047683716,2.2497685185185,0.9074074029922485,0.3,3.0
1,2021-05-03 21:36:51.083292,5.81,0.0,0.9,0.0,2.17037037037035,0.0,0.3,3.0
1,2021-05-03 21:36:54.283997,5.81,0.0,0.9,2.450000047683716,2.13634259259257,0.09074074029922485,0.3,3.0
1,2021-05-03 21:36:57.483169,5.81,0.0,0.9,2.450000047683716,2.01157407407405,0.3856481611728668,0.3,3.0
1,2021-05-03 21:37:00.401013,5.81,0.0,0.9,2.450000047683716,1.88680555555553,0.6805555820465088,0.3,3.0
1,2021-05-03 21:37:03.285160,5.81,0.0,0.9,2.450000047683716,1.76203703703701,0.8393518328666687,0.3,3.0
1,2021-05-03 21:37:06.185664,5.81,0.0,0.9,2.450000047683716,1.63726851851849,0.0,0.3,3.0
1,2021-05-03 21:37:09.265404,5.81,0.0,0.9,2.450000047683716,1.52384259259256,0.24953703582286835,0.3,3.0
1,2021-05-03 21:37:12.372218,5.81,0.0,0.9,2.450000047683716,1.39907407407404,0.45370370149612427,0.3,3.0
1,2021-05-03 21:37:16.207169,5.81,0.0,0.9,2.450000047683716,1.27430555555552,0.7939814925193787,0.3,3.0
0,2021-05-03 21:37:19.424262,5.81,0.0,0.9,2.450000047683716,1.11550925925922,0.9074074029922485,0.3,3.0
1,2021-05-03 21:37:22.695507,5.81,0.0,0.9,0.0,1.02476851851848,0.06805555522441864,0.3,3.0
1,2021-05-03 21:37:28.407009,5.81,0.0,0.9,2.450000047683716,0.979398148148111,0.24953703582286835,0.3,3.0
1,2021-05-03 21:37:37.589421,5.81,0.0,0.9,2.450000047683716,0.786574074074037,0.8393518328666687,0.3,3.0
1,2021-05-03 21:37:40.692298,5.81,0.0,0.9,2.450000047683716,0.468981481481445,0.1814814805984497,0.3,3.0
1,2021-05-03 21:37:44.077771,5.81,0.0,0.9,2.450000047683716,0.344212962962926,0.43101853132247925,0.3,3.0
0,2021-05-03 21:37:47.416720,5.81,0.0,0.9,2.450000047683716,0.298842592592556,0.657870352268219,0.3,3.0
1,2021-05-03 21:37:50.546504,5.81,0.0,0.9,0.0,5.78865740740741,0.657870352268219,0.3,3.0
1,2021-05-03 21:37:54.118100,5.81,0.0,0.9,2.450000047683716,5.75462962962963,0.8166666626930237,0.3,3.0
0,2021-05-03 21:38:00.045266,5.81,0.0,0.9,2.450000047683716,5.60717592592593,0.9074074029922485,0.3,3.0
1,2021-05-03 21:38:03.261276,5.81,0.0,0.9,0.0,5.45972222222224,0.20416666567325592,0.3,3.0
1,2021-05-03 21:38:06.496219,5.81,0.0,0.9,2.450000047683716,5.40300925925927,0.3856481611728668,0.3,3.0
1,2021-05-03 21:38:09.824382,5.81,0.0,0.9,2.450000047683716,5.27824074074076,0.635185182094574,0.3,3.0
0,2021-05-03 21:38:12.928394,5.81,0.0,0.9,2.450000047683716,5.14212962962965,0.9074074029922485,0.3,3.0
1,2021-05-03 21:38:16.465543,5.81,0.0,0.9,0.0,5.0513888888889,0.0,0.3,3.0
1,2021-05-03 21:38:20.082216,5.81,0.0,0.9,2.450000047683716,5.00601851851853,0.11342592537403107,0.3,3.0
1,2021-05-03 21:38:23.469773,5.81,0.0,0.9,2.450000047683716,4.86990740740742,0.45370370149612427,0.3,3.0
1,2021-05-03 21:38:26.420701,5.81,0.0,0.9,2.450000047683716,4.73379629629631,0.657870352268219,0.3,3.0
0,2021-05-03 21:38:29.245455,5.81,0.0,0.9,2.450000047683716,4.62037037037038,0.9074074029922485,0.3,3.0
1,2021-05-03 21:38:32.241730,5.81,0.0,0.9,0.0,4.54097222222223,0.0,0.3,3.0
1,2021-05-03 21:38:35.124726,5.81,0.0,0.9,2.450000047683716,4.49560185185186,0.1587962955236435,0.3,3.0
1,2021-05-03 21:38:37.978503,5.81,0.0,0.9,2.450000047683716,4.38217592592593,0.3402777910232544,0.3,3.0
1,2021-05-03 21:38:41.495443,5.81,0.0,0.9,2.450000047683716,4.26875,0.612500011920929,0.3,3.0
1,2021-05-03 21:38:44.852564,5.81,0.0,0.9,2.450000047683716,4.1212962962963,0.8847222328186035,0.3,3.0
1,2021-05-03 21:38:48.322119,5.81,0.0,0.9,2.450000047683716,3.99652777777778,0.06805555522441864,0.3,3.0
1,2021-05-03 21:38:51.449171,5.81,0.0,0.9,2.450000047683716,3.84907407407407,0.27222222089767456,0.3,3.0
1,2021-05-03 21:38:54.574259,5.81,0.0,0.9,2.450000047683716,3.72430555555555,0.5444444417953491,0.3,3.0
1,2021-05-03 21:38:57.678551,5.81,0.0,0.9,2.450000047683716,3.59953703703703,0.8620370626449585,0.3,3.0
0,2021-05-03 21:39:00.486071,5.81,0.0,0.9,2.450000047683716,3.47476851851851,0.9074074029922485,0.3,3.0
1,2021-05-03 21:39:03.786265,5.81,0.0,0.9,0.0,3.39537037037036,0.06805555522441864,0.3,3.0
1,2021-05-03 21:39:06.907236,5.81,0.0,0.9,2.450000047683716,3.34999999999999,0.22685185074806213,0.3,3.0
1,2021-05-03 21:39:10.603242,5.81,0.0,0.9,2.450000047683716,3.22523148148147,0.4763889014720917,0.3,3.0
1,2021-05-03 21:39:13.706251,5.81,0.0,0.9,2.450000047683716,3.07777777777777,0.7939814925193787,0.3,3.0
0,2021-05-03 21:39:16.407490,5.81,0.0,0.9,2.450000047683716,2.95300925925925,0.9074074029922485,0.3,3.0
1,2021-05-03 21:39:19.412207,5.81,0.0,0.9,0.0,2.8736111111111,0.0,0.3,3.0
1,2021-05-03 21:39:22.401120,5.81,0.0,0.9,2.450000047683716,2.83958333333332,0.13611111044883728,0.3,3.0
1,2021-05-03 21:39:25.491387,5.81,0.0,0.9,2.450000047683716,2.7148148148148,0.3402777910232544,0.3,3.0
1,2021-05-03 21:39:28.456532,5.81,0.0,0.9,2.450000047683716,2.59004629629628,0.5898148417472839,0.3,3.0
1,2021-05-03 21:39:31.199008,5.81,0.0,0.9,2.450000047683716,2.46527777777776,0.8393518328666687,0.3,3.0
0,2021-05-03 21:39:34.073458,5.81,0.0,0.9,2.450000047683716,2.35185185185183,0.9074074029922485,0.3,3.0
1,2021-05-03 21:39:37.026954,5.81,0.0,0.9,0.0,2.27245370370368,0.09074074029922485,0.3,3.0
1,2021-05-03 21:39:39.786812,5.81,0.0,0.9,2.450000047683716,2.2384259259259,0.1814814805984497,0.3,3.0
1,2021-05-03 21:39:42.635716,5.81,0.0,0.9,2.450000047683716,2.12499999999998,0.40833333134651184,0.3,3.0
1,2021-05-03 21:39:45.515243,5.81,0.0,0.9,2.450000047683716,2.01157407407405,0.635185182094574,0.3,3.0
1,2021-05-03 21:39:48.342648,5.81,0.0,0.9,2.450000047683716,1.89814814814812,0.8847222328186035,0.3,3.0
1,2021-05-03 21:39:51.209022,5.81,0.0,0.9,2.450000047683716,1.7733796296296,0.0,0.3,3.0
1,2021-05-03 21:39:53.957352,5.81,0.0,0.9,2.450000047683716,1.65995370370367,0.24953703582286835,0.3,3.0
1,2021-05-03 21:39:56.817023,5.81,0.0,0.9,2.450000047683716,1.54652777777775,0.4763889014720917,0.3,3.0
1,2021-05-03 21:39:59.859186,5.81,0.0,0.9,2.450000047683716,1.43310185185182,0.7486110925674438,0.3,3.0
0,2021-05-03 21:40:02.831302,5.81,0.0,0.9,2.450000047683716,1.3083333333333,0.9074074029922485,0.3,3.0
1,2021-05-03 21:40:05.972029,5.81,0.0,0.9,0.0,1.22893518518515,0.0,0.3,3.0
1,2021-05-03 21:40:09.193176,5.81,0.0,0.9,2.450000047683716,1.19490740740737,0.1814814805984497,0.3,3.0
1,2021-05-03 21:40:12.132472,5.81,0.0,0.9,2.450000047683716,1.05879629629626,0.43101853132247925,0.3,3.0
1,2021-05-03 21:40:14.985674,5.81,0.0,0.9,2.450000047683716,0.945370370370334,0.5898148417472839,0.3,3.0
1,2021-05-03 21:40:17.765749,5.81,0.0,0.9,2.450000047683716,0.820601851851815,0.8166666626930237,0.3,3.0
0,2021-05-03 21:40:20.558252,5.81,0.0,0.9,2.450000047683716,0.707175925925889,0.9074074029922485,0.3,3.0
1,2021-05-03 21:40:23.475078,5.81,0.0,0.9,0.0,0.627777777777741,0.09074074029922485,0.3,3.0
1,2021-05-03 21:40:26.342890,5.81,0.0,0.9,2.450000047683716,0.582407407407371,0.1814814805984497,0.3,3.0
1,2021-05-03 21:40:29.120116,5.81,0.0,0.9,2.450000047683716,0.468981481481445,0.40833333134651184,0.3,3.0
1,2021-05-03 21:40:31.862748,5.81,0.0,0.9,2.450000047683716,0.366898148148112,0.635185182094574,0.3,3.0
0,2021-05-03 21:40:34.684262,5.81,0.0,0.9,2.450000047683716,0.298842592592556,0.8620370626449585,0.3,3.0
1,2021-05-03 21:40:37.660685,5.81,0.0,0.9,0.0,5.8,0.8620370626449585,0.3,3.0
0,2021-05-03 21:40:40.709826,5.81,0.0,0.9,2.450000047683716,5.76597222222222,0.9074074029922485,0.3,3.0
1,2021-05-03 21:40:43.741022,5.81,0.0,0.9,0.0,5.68657407407408,0.0,0.3,3.0
1,2021-05-03 21:40:46.781950,5.81,0.0,0.9,2.450000047683716,5.64120370370371,0.1587962955236435,0.3,3.0
1,2021-05-03 21:40:49.888061,5.81,0.0,0.9,2.450000047683716,5.5164351851852,0.40833333134651184,0.3,3.0
1,2021-05-03 21:40:52.675294,5.81,0.0,0.9,2.450000047683716,5.40300925925927,0.5671296119689941,0.3,3.0
1,2021-05-03 21:40:55.501426,5.81,0.0,0.9,2.450000047683716,5.28958333333335,0.8166666626930237,0.3,3.0
0,2021-05-03 21:40:58.452698,5.81,0.0,0.9,2.450000047683716,5.17615740740742,0.9074074029922485,0.3,3.0
1,2021-05-03 21:41:01.461945,5.81,0.0,0.9,0.0,5.09675925925927,0.06805555522441864,0.3,3.0
1,2021-05-03 21:41:04.528872,5.81,0.0,0.9,2.450000047683716,5.0627314814815,0.22685185074806213,0.3,3.0
1,2021-05-03 21:41:07.507644,5.81,0.0,0.9,2.450000047683716,4.93796296296298,0.45370370149612427,0.3,3.0
1,2021-05-03 21:41:10.387355,5.81,0.0,0.9,2.450000047683716,4.81319444444446,0.7032407522201538,0.3,3.0
1,2021-05-03 21:41:13.179824,5.81,0.0,0.9,2.450000047683716,4.69976851851853,0.8847222328186035,0.3,3.0
1,2021-05-03 21:41:16.127036,5.81,0.0,0.9,2.450000047683716,4.5863425925926,0.022685185074806213,0.3,3.0
1,2021-05-03 21:41:19.150237,5.81,0.0,0.9,2.450000047683716,4.46157407407408,0.24953703582286835,0.3,3.0
1,2021-05-03 21:41:21.976268,5.81,0.0,0.9,2.450000047683716,4.33680555555556,0.4763889014720917,0.3,3.0
1,2021-05-03 21:41:24.740972,5.81,0.0,0.9,2.450000047683716,4.22337962962963,0.7032407522201538,0.3,3.0
0,2021-05-03 21:41:27.623594,5.81,0.0,0.9,2.450000047683716,4.10995370370371,0.9074074029922485,0.3,3.0
1,2021-05-03 21:41:30.634550,5.81,0.0,0.9,0.0,4.04189814814815,0.0,0.3,3.0
1,2021-05-03 21:41:33.500378,5.81,0.0,0.9,2.450000047683716,3.99652777777778,0.1587962955236435,0.3,3.0
1,2021-05-03 21:41:36.342035,5.81,0.0,0.9,2.450000047683716,3.88310185185185,0.317592591047287,0.3,3.0
1,2021-05-03 21:41:39.107022,5.81,0.0,0.9,2.450000047683716,3.75833333333333,0.5671296119689941,0.3,3.0
1,2021-05-03 21:41:41.863813,5.81,0.0,0.9,2.450000047683716,3.6449074074074,0.8166666626930237,0.3,3.0
0,2021-05-03 21:41:44.784447,5.81,0.0,0.9,2.450000047683716,3.53148148148148,0.9074074029922485,0.3,3.0
1,2021-05-03 21:41:47.628214,5.81,0.0,0.9,0.0,3.45208333333333,0.06805555522441864,0.3,3.0
1,2021-05-03 21:41:50.479619,5.81,0.0,0.9,2.450000047683716,3.41805555555555,0.13611111044883728,0.3,3.0
1,2021-05-03 21:41:53.313620,5.81,0.0,0.9,2.450000047683716,3.30462962962962,0.3856481611728668,0.3,3.0
1,2021-05-03 21:41:56.182804,5.81,0.0,0.9,2.450000047683716,3.19120370370369,0.612500011920929,0.3,3.0
1,2021-05-03 21:41:58.912935,5.81,0.0,0.9,2.450000047683716,3.06643518518517,0.8393518328666687,0.3,3.0
0,2021-05-03 21:42:01.740295,5.81,0.0,0.9,2.450000047683716,2.95300925925925,0.9074074029922485,0.3,3.0
1,2021-05-03 21:42:04.757874,5.81,0.0,0.9,0.0,2.8736111111111,0.11342592537403107,0.3,3.0
1,2021-05-03 21:42:07.665658,5.81,0.0,0.9,2.450000047683716,2.83958333333332,0.20416666567325592,0.3,3.0
1,2021-05-03 21:42:10.502010,5.81,0.0,0.9,2.450000047683716,2.7148148148148,0.43101853132247925,0.3,3.0
1,2021-05-03 21:42:13.255270,5.81,0.0,0.9,2.450000047683716,2.60138888888887,0.6805555820465088,0.3,3.0
0,2021-05-03 21:42:16.054937,5.81,0.0,0.9,2.450000047683716,2.48796296296294,0.9074074029922485,0.3,3.0
1,2021-05-03 21:42:18.841895,5.81,0.0,0.9,0.0,2.4085648148148,0.0,0.3,3.0
1,2021-05-03 21:42:22.137415,5.81,0.0,0.9,2.450000047683716,2.37453703703702,0.09074074029922485,0.3,3.0
1,2021-05-03 21:42:25.673701,5.81,0.0,0.9,2.450000047683716,2.2384259259259,0.40833333134651184,0.3,3.0
1,2021-05-03 21:42:29.027702,5.81,0.0,0.9,2.450000047683716,2.10231481481479,0.7259259223937988,0.3,3.0
0,2021-05-03 21:42:32.674476,5.81,0.0,0.9,2.450000047683716,1.96620370370368,0.9074074029922485,0.3,3.0
1,2021-05-03 21:42:35.694672,5.81,0.0,0.9,0.0,1.86412037037034,0.0,0.3,3.0
1,2021-05-03 21:42:39.976551,5.81,0.0,0.9,2.450000047683716,1.83009259259257,0.11342592537403107,0.3,3.0
1,2021-05-03 21:42:43.101129,5.81,0.0,0.9,2.450000047683716,1.64861111111108,0.45370370149612427,0.3,3.0
0,2021-05-03 21:42:49.507461,5.81,0.0,0.9,2.450000047683716,1.52384259259256,0.9074074029922485,0.3,3.0
1,2021-05-03 21:42:53.142066,5.81,0.0,0.9,0.0,1.31967592592589,0.0,0.3,3.0
1,2021-05-03 21:42:58.512850,5.81,0.0,0.9,2.450000047683716,1.27430555555552,0.22685185074806213,0.3,3.0
1,2021-05-03 21:43:03.032988,5.81,0.0,0.9,2.450000047683716,1.05879629629626,0.657870352268219,0.3,3.0
0,2021-05-03 21:43:05.761622,5.81,0.0,0.9,2.450000047683716,0.877314814814778,0.9074074029922485,0.3,3.0
1,2021-05-03 21:43:08.652654,5.81,0.0,0.9,0.0,0.79791666666663,0.0,0.3,3.0
1,2021-05-03 21:43:11.749315,5.81,0.0,0.9,2.450000047683716,0.75254629629626,0.13611111044883728,0.3,3.0
1,2021-05-03 21:43:14.807277,5.81,0.0,0.9,2.450000047683716,0.627777777777741,0.43101853132247925,0.3,3.0
1,2021-05-03 21:43:17.820426,5.81,0.0,0.9,2.450000047683716,0.503009259259223,0.657870352268219,0.3,3.0
0,2021-05-03 21:43:20.856535,5.81,0.0,0.9,2.450000047683716,0.378240740740704,0.9074074029922485,0.3,3.0
0,2021-05-03 21:43:23.642125,5.81,0.0,0.9,2.450000047683716,0.298842592592556,0.0,0.3,3.0
1,2021-05-03 21:43:26.409085,5.81,0.0,0.9,0.0,5.8,0.0,0.3,3.0
1,2021-05-03 21:43:29.200732,5.81,0.0,0.9,2.450000047683716,5.76597222222222,0.09074074029922485,0.3,3.0
1,2021-05-03 21:43:32.133914,5.81,0.0,0.9,2.450000047683716,5.6525462962963,0.317592591047287,0.3,3.0
1,2021-05-03 21:43:35.153548,5.81,0.0,0.9,2.450000047683716,5.53912037037038,0.5444444417953491,0.3,3.0
1,2021-05-03 21:43:38.601929,5.81,0.0,0.9,2.450000047683716,5.41435185185187,0.7712963223457336,0.3,3.0
1,2021-05-03 21:43:41.609416,5.81,0.0,0.9,2.450000047683716,5.27824074074076,0.022685185074806213,0.3,3.0
1,2021-05-03 21:43:44.388786,5.81,0.0,0.9,2.450000047683716,5.15347222222224,0.1814814805984497,0.3,3.0
1,2021-05-03 21:43:47.137957,5.81,0.0,0.9,2.450000047683716,5.04004629629631,0.45370370149612427,0.3,3.0
1,2021-05-03 21:43:50.636587,5.81,0.0,0.9,2.450000047683716,4.92662037037038,0.7032407522201538,0.3,3.0
0,2021-05-03 21:43:53.525050,5.81,0.0,0.9,2.450000047683716,4.79050925925927,0.9074074029922485,0.3,3.0
1,2021-05-03 21:43:56.860466,5.81,0.0,0.9,0.0,4.71111111111112,0.0,0.3,3.0
1,2021-05-03 21:44:00.292043,5.81,0.0,0.9,2.450000047683716,4.67708333333334,0.13611111044883728,0.3,3.0
1,2021-05-03 21:44:03.866280,5.81,0.0,0.9,2.450000047683716,4.54097222222223,0.45370370149612427,0.3,3.0
1,2021-05-03 21:44:07.748478,5.81,0.0,0.9,2.450000047683716,4.39351851851852,0.7032407522201538,0.3,3.0
0,2021-05-03 21:44:10.890032,5.81,0.0,0.9,2.450000047683716,4.23472222222223,0.9074074029922485,0.3,3.0
1,2021-05-03 21:44:14.357595,5.81,0.0,0.9,0.0,4.15532407407408,0.0,0.3,3.0
1,2021-05-03 21:44:17.581137,5.81,0.0,0.9,2.450000047683716,4.10995370370371,0.1587962955236435,0.3,3.0
1,2021-05-03 21:44:20.730429,5.81,0.0,0.9,2.450000047683716,3.97384259259259,0.3856481611728668,0.3,3.0
1,2021-05-03 21:44:24.366359,5.81,0.0,0.9,2.450000047683716,3.84907407407407,0.7259259223937988,0.3,3.0
0,2021-05-03 21:44:27.527912,5.81,0.0,0.9,2.450000047683716,3.70162037037037,0.9074074029922485,0.3,3.0
1,2021-05-03 21:44:30.884167,5.81,0.0,0.9,0.0,3.61087962962963,0.0,0.3,3.0
1,2021-05-03 21:44:33.790874,5.81,0.0,0.9,2.450000047683716,3.56550925925925,0.13611111044883728,0.3,3.0
1,2021-05-03 21:44:36.768952,5.81,0.0,0.9,2.450000047683716,3.45208333333333,0.3402777910232544,0.3,3.0
1,2021-05-03 21:44:39.594243,5.81,0.0,0.9,2.450000047683716,3.32731481481481,0.5898148417472839,0.3,3.0
1,2021-05-03 21:44:42.587812,5.81,0.0,0.9,2.450000047683716,3.21388888888888,0.8393518328666687,0.3,3.0
0,2021-05-03 21:44:45.563232,5.81,0.0,0.9,2.450000047683716,3.08912037037036,0.9074074029922485,0.3,3.0
1,2021-05-03 21:44:48.605492,5.81,0.0,0.9,0.0,3.00972222222221,0.09074074029922485,0.3,3.0
1,2021-05-03 21:44:51.514854,5.81,0.0,0.9,2.450000047683716,2.96435185185184,0.20416666567325592,0.3,3.0
1,2021-05-03 21:44:54.357008,5.81,0.0,0.9,2.450000047683716,2.85092592592591,0.43101853132247925,0.3,3.0
1,2021-05-03 21:44:58.635186,5.81,0.0,0.9,2.450000047683716,2.72615740740739,0.7032407522201538,0.3,3.0
0,2021-05-03 21:45:03.025649,5.81,0.0,0.9,2.450000047683716,2.5560185185185,0.9074074029922485,0.3,3.0
1,2021-05-03 21:45:06.343632,5.81,0.0,0.9,0.0,2.41990740740739,0.1587962955236435,0.3,3.0
1,2021-05-03 21:45:09.614129,5.81,0.0,0.9,2.450000047683716,2.38587962962961,0.27222222089767456,0.3,3.0
1,2021-05-03 21:45:14.425642,5.81,0.0,0.9,2.450000047683716,2.2497685185185,0.5217592716217041,0.3,3.0
0,2021-05-03 21:45:18.143616,5.81,0.0,0.9,2.450000047683716,2.05694444444442,0.9074074029922485,0.3,3.0
1,2021-05-03 21:45:22.809917,5.81,0.0,0.9,0.0,1.95486111111109,0.0,0.3,3.0
1,2021-05-03 21:45:27.645173,5.81,0.0,0.9,2.450000047683716,1.89814814814812,0.24953703582286835,0.3,3.0
1,2021-05-03 21:45:31.545564,5.81,0.0,0.9,2.450000047683716,1.70532407407405,0.635185182094574,0.3,3.0
1,2021-05-03 21:45:35.451925,5.81,0.0,0.9,2.450000047683716,1.54652777777775,0.8847222328186035,0.3,3.0
1,2021-05-03 21:45:38.789438,5.81,0.0,0.9,2.450000047683716,1.39907407407404,0.04537037014961243,0.3,3.0
1,2021-05-03 21:45:41.850318,5.81,0.0,0.9,2.450000047683716,1.26296296296293,0.3402777910232544,0.3,3.0
1,2021-05-03 21:45:45.092590,5.81,0.0,0.9,2.450000047683716,1.13819444444441,0.612500011920929,0.3,3.0
1,2021-05-03 21:45:48.550561,5.81,0.0,0.9,2.450000047683716,1.0020833333333,0.8620370626449585,0.3,3.0
1,2021-05-03 21:45:52.334003,5.81,0.0,0.9,2.450000047683716,0.865972222222185,0.09074074029922485,0.3,3.0
1,2021-05-03 21:45:55.724771,5.81,0.0,0.9,2.450000047683716,0.718518518518482,0.3629629611968994,0.3,3.0
1,2021-05-03 21:45:59.064935,5.81,0.0,0.9,2.450000047683716,0.582407407407371,0.612500011920929,0.3,3.0
1,2021-05-03 21:46:02.144850,5.81,0.0,0.9,2.450000047683716,0.457638888888852,0.8393518328666687,0.3,3.0
1,2021-05-03 21:46:05.054457,5.81,0.0,0.9,2.450000047683716,0.332870370370334,0.0,0.3,3.0
0,2021-05-03 21:46:08.165449,5.81,0.0,0.9,2.450000047683716,0.298842592592556,0.22685185074806213,0.3,3.0
1,2021-05-03 21:46:11.506831,5.81,0.0,0.9,0.0,5.8,0.22685185074806213,0.3,3.0
1,2021-05-03 21:46:16.274130,5.81,0.0,0.9,2.450000047683716,5.76597222222222,0.3402777910232544,0.3,3.0
1,2021-05-03 21:46:19.808489,5.81,0.0,0.9,2.450000047683716,5.58449074074075,0.7259259223937988,0.3,3.0
0,2021-05-03 21:46:23.084179,5.81,0.0,0.9,2.450000047683716,5.43703703703705,0.9074074029922485,0.3,3.0
1,2021-05-03 21:46:26.349705,5.81,0.0,0.9,0.0,5.35763888888891,0.0,0.3,3.0
1,2021-05-03 21:46:30.105792,5.81,0.0,0.9,2.450000047683716,5.31226851851854,0.1587962955236435,0.3,3.0
1,2021-05-03 21:46:34.204509,5.81,0.0,0.9,2.450000047683716,5.16481481481483,0.5217592716217041,0.3,3.0
1,2021-05-03 21:46:38.376836,5.81,0.0,0.9,2.450000047683716,4.99467592592594,0.7712963223457336,0.3,3.0
1,2021-05-03 21:46:42.334301,5.81,0.0,0.9,2.450000047683716,4.83587962962964,0.04537037014961243,0.3,3.0
1,2021-05-03 21:46:45.697889,5.81,0.0,0.9,2.450000047683716,4.67708333333334,0.317592591047287,0.3,3.0
1,2021-05-03 21:46:49.190193,5.81,0.0,0.9,2.450000047683716,4.54097222222223,0.635185182094574,0.3,3.0
0,2021-05-03 21:46:52.462104,5.81,0.0,0.9,2.450000047683716,4.39351851851852,0.9074074029922485,0.3,3.0
1,2021-05-03 21:46:55.911843,5.81,0.0,0.9,0.0,4.30277777777778,0.0,0.3,3.0
1,2021-05-03 21:46:58.976124,5.81,0.0,0.9,2.450000047683716,4.25740740740741,0.1814814805984497,0.3,3.0
1,2021-05-03 21:47:01.958513,5.81,0.0,0.9,2.450000047683716,4.13263888888889,0.3402777910232544,0.3,3.0
1,2021-05-03 21:47:05.253389,5.81,0.0,0.9,2.450000047683716,4.00787037037037,0.5898148417472839,0.3,3.0
1,2021-05-03 21:47:08.118321,5.81,0.0,0.9,2.450000047683716,3.87175925925926,0.8620370626449585,0.3,3.0
1,2021-05-03 21:47:11.018910,5.81,0.0,0.9,2.450000047683716,3.75833333333333,0.022685185074806213,0.3,3.0
1,2021-05-03 21:47:14.189999,5.81,0.0,0.9,2.450000047683716,3.6449074074074,0.27222222089767456,0.3,3.0
1,2021-05-03 21:47:17.424290,5.81,0.0,0.9,2.450000047683716,3.50879629629629,0.4990740716457367,0.3,3.0
1,2021-05-03 21:47:20.641783,5.81,0.0,0.9,2.450000047683716,3.38402777777777,0.8166666626930237,0.3,3.0
0,2021-05-03 21:47:23.664473,5.81,0.0,0.9,2.450000047683716,3.25925925925925,0.9074074029922485,0.3,3.0
1,2021-05-03 21:47:26.718911,5.81,0.0,0.9,0.0,3.16851851851851,0.04537037014961243,0.3,3.0
1,2021-05-03 21:47:29.912927,5.81,0.0,0.9,2.450000047683716,3.12314814814814,0.1587962955236435,0.3,3.0
1,2021-05-03 21:47:33.118339,5.81,0.0,0.9,2.450000047683716,2.99837962962962,0.40833333134651184,0.3,3.0
1,2021-05-03 21:47:36.240401,5.81,0.0,0.9,2.450000047683716,2.8622685185185,0.657870352268219,0.3,3.0
1,2021-05-03 21:47:39.203498,5.81,0.0,0.9,2.450000047683716,2.73749999999998,0.8847222328186035,0.3,3.0
1,2021-05-03 21:47:42.231875,5.81,0.0,0.9,2.450000047683716,2.62407407407406,0.0,0.3,3.0
1,2021-05-03 21:47:45.260835,5.81,0.0,0.9,2.450000047683716,2.49930555555554,0.27222222089767456,0.3,3.0
1,2021-05-03 21:47:49.031729,5.81,0.0,0.9,2.450000047683716,2.38587962962961,0.5898148417472839,0.3,3.0
1,2021-05-03 21:47:52.519573,5.81,0.0,0.9,2.450000047683716,2.2384259259259,0.8393518328666687,0.3,3.0
1,2021-05-03 21:47:56.075977,5.81,0.0,0.9,2.450000047683716,2.0909722222222,0.06805555522441864,0.3,3.0
1,2021-05-03 21:47:59.655257,5.81,0.0,0.9,2.450000047683716,1.94351851851849,0.317592591047287,0.3,3.0
1,2021-05-03 21:48:02.946030,5.81,0.0,0.9,2.450000047683716,1.80740740740738,0.635185182094574,0.3,3.0
1,2021-05-03 21:48:06.056469,5.81,0.0,0.9,2.450000047683716,1.67129629629627,0.8620370626449585,0.3,3.0
0,2021-05-03 21:48:09.565634,5.81,0.0,0.9,2.450000047683716,1.54652777777775,0.9074074029922485,0.3,3.0
1,2021-05-03 21:48:13.030471,5.81,0.0,0.9,0.0,1.44444444444441,0.13611111044883728,0.3,3.0
1,2021-05-03 21:48:16.424848,5.81,0.0,0.9,2.450000047683716,1.39907407407404,0.317592591047287,0.3,3.0
1,2021-05-03 21:48:19.636197,5.81,0.0,0.9,2.450000047683716,1.26296296296293,0.5898148417472839,0.3,3.0
1,2021-05-03 21:48:22.963486,5.81,0.0,0.9,2.450000047683716,1.12685185185182,0.8393518328666687,0.3,3.0
1,2021-05-03 21:48:26.225607,5.81,0.0,0.9,2.450000047683716,0.990740740740704,0.022685185074806213,0.3,3.0
1,2021-05-03 21:48:29.389754,5.81,0.0,0.9,2.450000047683716,0.865972222222185,0.24953703582286835,0.3,3.0
1,2021-05-03 21:48:33.022290,5.81,0.0,0.9,2.450000047683716,0.729861111111074,0.4763889014720917,0.3,3.0
1,2021-05-03 21:48:36.214315,5.81,0.0,0.9,2.450000047683716,0.582407407407371,0.8166666626930237,0.3,3.0
0,2021-05-03 21:48:39.440786,5.81,0.0,0.9,2.450000047683716,0.457638888888852,0.9074074029922485,0.3,3.0
1,2021-05-03 21:48:42.505269,5.81,0.0,0.9,0.0,0.366898148148112,0.04537037014961243,0.3,3.0
1,2021-05-03 21:48:45.398693,5.81,0.0,0.9,2.450000047683716,0.321527777777741,0.1587962955236435,0.3,3.0
0,2021-05-03 21:48:48.711006,5.81,0.0,0.9,0.0,0.298842592592556,0.40833333134651184,0.3,3.0
1,2021-05-03 21:48:51.819978,5.81,0.0,0.9,0.0,5.8,0.40833333134651184,0.3,3.0
1,2021-05-03 21:48:54.711485,5.81,0.0,0.9,2.450000047683716,5.76597222222222,0.4763889014720917,0.3,3.0
1,2021-05-03 21:48:57.732860,5.81,0.0,0.9,2.450000047683716,5.6525462962963,0.7259259223937988,0.3,3.0
0,2021-05-03 21:49:01.068280,5.81,0.0,0.9,2.450000047683716,5.52777777777779,0.9074074029922485,0.3,3.0
1,2021-05-03 21:49:04.643592,5.81,0.0,0.9,0.0,5.43703703703705,0.022685185074806213,0.3,3.0
1,2021-05-03 21:49:07.987262,5.81,0.0,0.9,2.450000047683716,5.39166666666668,0.13611111044883728,0.3,3.0
1,2021-05-03 21:49:11.349686,5.81,0.0,0.9,2.450000047683716,5.25555555555557,0.40833333134651184,0.3,3.0
1,2021-05-03 21:49:16.032926,5.81,0.0,0.9,2.450000047683716,5.11944444444446,0.7259259223937988,0.3,3.0
1,2021-05-03 21:49:21.624208,5.81,0.0,0.9,2.450000047683716,4.94930555555557,0.06805555522441864,0.3,3.0
1,2021-05-03 21:49:25.422353,5.81,0.0,0.9,2.450000047683716,4.73379629629631,0.3856481611728668,0.3,3.0
1,2021-05-03 21:49:28.659203,5.81,0.0,0.9,2.450000047683716,4.57500000000001,0.6805555820465088,0.3,3.0
0,2021-05-03 21:49:32.012721,5.81,0.0,0.9,2.450000047683716,4.4388888888889,0.9074074029922485,0.3,3.0
1,2021-05-03 21:49:35.891002,5.81,0.0,0.9,0.0,4.34814814814815,0.0,0.3,3.0
1,2021-05-03 21:49:41.091905,5.81,0.0,0.9,2.450000047683716,4.30277777777778,0.1814814805984497,0.3,3.0
1,2021-05-03 21:49:44.120179,5.81,0.0,0.9,2.450000047683716,4.1212962962963,0.4990740716457367,0.3,3.0
1,2021-05-03 21:49:47.474843,5.81,0.0,0.9,2.450000047683716,3.99652777777778,0.7939814925193787,0.3,3.0
0,2021-05-03 21:49:50.828900,5.81,0.0,0.9,2.450000047683716,3.86041666666667,0.9074074029922485,0.3,3.0
1,2021-05-03 21:49:54.164858,5.81,0.0,0.9,0.0,3.76967592592592,0.09074074029922485,0.3,3.0
1,2021-05-03 21:49:57.993228,5.81,0.0,0.9,2.450000047683716,3.73564814814815,0.29490742087364197,0.3,3.0
1,2021-05-03 21:50:01.668000,5.81,0.0,0.9,2.450000047683716,3.57685185185185,0.5217592716217041,0.3,3.0
1,2021-05-03 21:50:05.316084,5.81,0.0,0.9,2.450000047683716,3.42939814814814,0.8847222328186035,0.3,3.0
1,2021-05-03 21:50:09.274102,5.81,0.0,0.9,2.450000047683716,3.28194444444444,0.022685185074806213,0.3,3.0
1,2021-05-03 21:50:13.165292,5.81,0.0,0.9,2.450000047683716,3.12314814814814,0.3856481611728668,0.3,3.0
1,2021-05-03 21:50:16.772660,5.81,0.0,0.9,2.450000047683716,2.96435185185184,0.657870352268219,0.3,3.0
0,2021-05-03 21:50:20.142605,5.81,0.0,0.9,2.450000047683716,2.81689814814813,0.9074074029922485,0.3,3.0
1,2021-05-03 21:50:23.417779,5.81,0.0,0.9,0.0,2.72615740740739,0.0,0.3,3.0
1,2021-05-03 21:50:26.859986,5.81,0.0,0.9,2.450000047683716,2.68078703703702,0.11342592537403107,0.3,3.0
1,2021-05-03 21:50:29.791343,5.81,0.0,0.9,2.450000047683716,2.54467592592591,0.3629629611968994,0.3,3.0
1,2021-05-03 21:50:32.770931,5.81,0.0,0.9,2.450000047683716,2.41990740740739,0.612500011920929,0.3,3.0
1,2021-05-03 21:50:35.721771,5.81,0.0,0.9,2.450000047683716,2.30648148148146,0.8847222328186035,0.3,3.0
1,2021-05-03 21:50:38.793839,5.81,0.0,0.9,2.450000047683716,2.18171296296294,0.022685185074806213,0.3,3.0
1,2021-05-03 21:50:42.064873,5.81,0.0,0.9,2.450000047683716,2.05694444444442,0.317592591047287,0.3,3.0
1,2021-05-03 21:50:45.477399,5.81,0.0,0.9,2.450000047683716,1.92083333333331,0.5671296119689941,0.3,3.0
1,2021-05-03 21:50:49.197423,5.81,0.0,0.9,2.450000047683716,1.78472222222219,0.8166666626930237,0.3,3.0
1,2021-05-03 21:50:52.674403,5.81,0.0,0.9,2.450000047683716,1.63726851851849,0.04537037014961243,0.3,3.0
1,2021-05-03 21:50:56.404460,5.81,0.0,0.9,2.450000047683716,1.48981481481478,0.3629629611968994,0.3,3.0
1,2021-05-03 21:50:59.981304,5.81,0.0,0.9,2.450000047683716,1.34236111111108,0.612500011920929,0.3,3.0
0,2021-05-03 21:51:03.650369,5.81,0.0,0.9,2.450000047683716,1.20624999999997,0.9074074029922485,0.3,3.0
1,2021-05-03 21:51:06.848330,5.81,0.0,0.9,0.0,1.09282407407404,0.0,0.3,3.0
