motor_status,timestamp,bottle_liquidlevel,tank_upperbound,flowlevel,bottle_lowerbound,tank_lowerbound,tank_liquidlevel,bottle_upperbound,sensor2_thresh
1,2021-05-04 16:06:25.461295,0.7032407522201538,5.81,2.450000047683716,0.0,0.3,4.96064814814816,0.9,3.0
0,2021-05-04 16:06:28.350244,0.9074074029922485,5.81,2.450000047683716,0.0,0.3,4.82453703703705,0.9,3.0
1,2021-05-04 16:06:31.364433,0.0,5.81,0.0,0.0,0.3,4.7451388888889,0.9,3.0
1,2021-05-04 16:06:35.940814,0.20416666567325592,5.81,2.450000047683716,0.0,0.3,4.71111111111112,0.9,3.0
1,2021-05-04 16:06:39.239246,0.5444444417953491,5.81,2.450000047683716,0.0,0.3,4.52962962962964,0.9,3.0
1,2021-05-04 16:06:44.396912,0.8847222328186035,5.81,2.450000047683716,0.0,0.3,4.39351851851852,0.9,3.0
1,2021-05-04 16:06:47.665556,0.06805555522441864,5.81,2.450000047683716,0.0,0.3,4.18935185185186,0.9,3.0
1,2021-05-04 16:06:51.972910,0.40833333134651184,5.81,2.450000047683716,0.0,0.3,4.05324074074074,0.9,3.0
1,2021-05-04 16:06:55.307837,0.657870352268219,5.81,2.450000047683716,0.0,0.3,3.88310185185185,0.9,3.0
0,2021-05-04 16:06:58.249024,0.9074074029922485,5.81,2.450000047683716,0.0,0.3,3.74699074074074,0.9,3.0
1,2021-05-04 16:07:01.947994,0.0,5.81,0.0,0.0,0.3,3.65625,0.9,3.0
1,2021-05-04 16:07:05.559460,0.1814814805984497,5.81,2.450000047683716,0.0,0.3,3.62222222222222,0.9,3.0
1,2021-05-04 16:07:08.901949,0.3856481611728668,5.81,2.450000047683716,0.0,0.3,3.46342592592592,0.9,3.0
1,2021-05-04 16:07:12.504180,0.7259259223937988,5.81,2.450000047683716,0.0,0.3,3.3386574074074,0.9,3.0
0,2021-05-04 16:07:15.707484,0.9074074029922485,5.81,2.450000047683716,0.0,0.3,3.19120370370369,0.9,3.0
1,2021-05-04 16:07:18.528781,0.0,5.81,0.0,0.0,0.3,3.10046296296295,0.9,3.0
1,2021-05-04 16:07:21.707162,0.09074074029922485,5.81,2.450000047683716,0.0,0.3,3.07777777777777,0.9,3.0
1,2021-05-04 16:07:24.954618,0.3402777910232544,5.81,2.450000047683716,0.0,0.3,2.94166666666665,0.9,3.0
1,2021-05-04 16:07:27.805815,0.5898148417472839,5.81,2.450000047683716,0.0,0.3,2.81689814814813,0.9,3.0
1,2021-05-04 16:07:30.563071,0.8166666626930237,5.81,2.450000047683716,0.0,0.3,2.69212962962961,0.9,3.0
0,2021-05-04 16:07:33.517198,0.9074074029922485,5.81,2.450000047683716,0.0,0.3,2.59004629629628,0.9,3.0
1,2021-05-04 16:07:36.577321,0.06805555522441864,5.81,0.0,0.0,0.3,2.51064814814813,0.9,3.0
1,2021-05-04 16:07:40.090459,0.22685185074806213,5.81,2.450000047683716,0.0,0.3,2.47662037037035,0.9,3.0
1,2021-05-04 16:07:43.526311,0.45370370149612427,5.81,2.450000047683716,0.0,0.3,2.32916666666665,0.9,3.0
1,2021-05-04 16:07:46.794843,0.7939814925193787,5.81,2.450000047683716,0.0,0.3,2.19305555555553,0.9,3.0
0,2021-05-04 16:07:50.066321,0.9074074029922485,5.81,2.450000047683716,0.0,0.3,2.05694444444442,0.9,3.0
1,2021-05-04 16:07:53.161573,0.04537037014961243,5.81,0.0,0.0,0.3,1.96620370370368,0.9,3.0
1,2021-05-04 16:07:56.305777,0.22685185074806213,5.81,2.450000047683716,0.0,0.3,1.92083333333331,0.9,3.0
1,2021-05-04 16:07:59.435506,0.45370370149612427,5.81,2.450000047683716,0.0,0.3,1.79606481481479,0.9,3.0
1,2021-05-04 16:08:02.867070,0.7486110925674438,5.81,2.450000047683716,0.0,0.3,1.65995370370367,0.9,3.0
0,2021-05-04 16:08:06.270356,0.9074074029922485,5.81,2.450000047683716,0.0,0.3,1.52384259259256,0.9,3.0
1,2021-05-04 16:08:10.023994,0.0,5.81,0.0,0.0,0.3,1.43310185185182,0.9,3.0
1,2021-05-04 16:08:13.576764,0.09074074029922485,5.81,2.450000047683716,0.0,0.3,1.39907407407404,0.9,3.0
1,2021-05-04 16:08:16.584383,0.3856481611728668,5.81,2.450000047683716,0.0,0.3,1.25162037037034,0.9,3.0
1,2021-05-04 16:08:19.742563,0.657870352268219,5.81,2.450000047683716,0.0,0.3,1.13819444444441,0.9,3.0
1,2021-05-04 16:08:22.653797,0.8393518328666687,5.81,2.450000047683716,0.0,0.3,1.01342592592589,0.9,3.0
1,2021-05-04 16:08:25.668814,0.022685185074806213,5.81,2.450000047683716,0.0,0.3,0.899999999999963,0.9,3.0
1,2021-05-04 16:08:28.954210,0.29490742087364197,5.81,2.450000047683716,0.0,0.3,0.775231481481445,0.9,3.0
1,2021-05-04 16:08:32.082550,0.5671296119689941,5.81,2.450000047683716,0.0,0.3,0.639120370370334,0.9,3.0
1,2021-05-04 16:08:35.047422,0.7939814925193787,5.81,2.450000047683716,0.0,0.3,0.514351851851815,0.9,3.0
0,2021-05-04 16:08:38.079050,0.9074074029922485,5.81,2.450000047683716,0.0,0.3,0.389583333333297,0.9,3.0
1,2021-05-04 16:08:40.907264,0.06805555522441864,5.81,0.0,0.0,0.3,0.310185185185149,0.9,3.0
0,2021-05-04 16:08:43.565593,0.1587962955236435,5.81,2.450000047683716,0.0,0.3,0.298842592592556,0.9,3.0
1,2021-05-04 16:08:46.376176,0.1587962955236435,5.81,0.0,0.0,0.3,5.8,0.9,3.0
1,2021-05-04 16:08:49.649364,0.3402777910232544,5.81,2.450000047683716,0.0,0.3,5.76597222222222,0.9,3.0
1,2021-05-04 16:08:52.911873,0.5898148417472839,5.81,2.450000047683716,0.0,0.3,5.62986111111112,0.9,3.0
1,2021-05-04 16:08:55.925160,0.8166666626930237,5.81,2.450000047683716,0.0,0.3,5.49375000000001,0.9,3.0
1,2021-05-04 16:08:59.035427,0.0,5.81,2.450000047683716,0.0,0.3,5.3689814814815,0.9,3.0
1,2021-05-04 16:09:02.265883,0.24953703582286835,5.81,2.450000047683716,0.0,0.3,5.24421296296298,0.9,3.0
1,2021-05-04 16:09:05.071741,0.4990740716457367,5.81,2.450000047683716,0.0,0.3,5.10810185185187,0.9,3.0
1,2021-05-04 16:09:07.842947,0.6805555820465088,5.81,2.450000047683716,0.0,0.3,4.99467592592594,0.9,3.0
0,2021-05-04 16:09:10.649242,0.9074074029922485,5.81,2.450000047683716,0.0,0.3,4.88125000000001,0.9,3.0
1,2021-05-04 16:09:13.473286,0.0,5.81,0.0,0.0,0.3,4.81319444444446,0.9,3.0
1,2021-05-04 16:09:16.278325,0.09074074029922485,5.81,2.450000047683716,0.0,0.3,4.77916666666668,0.9,3.0
1,2021-05-04 16:09:19.274123,0.3402777910232544,5.81,2.450000047683716,0.0,0.3,4.66574074074075,0.9,3.0
1,2021-05-04 16:09:22.325163,0.635185182094574,5.81,2.450000047683716,0.0,0.3,4.54097222222223,0.9,3.0
1,2021-05-04 16:09:25.285937,0.8847222328186035,5.81,2.450000047683716,0.0,0.3,4.41620370370371,0.9,3.0
1,2021-05-04 16:09:28.465459,0.022685185074806213,5.81,2.450000047683716,0.0,0.3,4.30277777777778,0.9,3.0
1,2021-05-04 16:09:31.505019,0.20416666567325592,5.81,2.450000047683716,0.0,0.3,4.16666666666667,0.9,3.0
1,2021-05-04 16:09:34.492931,0.45370370149612427,5.81,2.450000047683716,0.0,0.3,4.04189814814815,0.9,3.0
1,2021-05-04 16:09:37.484533,0.7259259223937988,5.81,2.450000047683716,0.0,0.3,3.92847222222222,0.9,3.0
0,2021-05-04 16:09:40.477340,0.9074074029922485,5.81,2.450000047683716,0.0,0.3,3.8037037037037,0.9,3.0
1,2021-05-04 16:09:43.456445,0.0,5.81,0.0,0.0,0.3,3.72430555555555,0.9,3.0
1,2021-05-04 16:09:46.406574,0.09074074029922485,5.81,2.450000047683716,0.0,0.3,3.69027777777777,0.9,3.0
1,2021-05-04 16:09:49.680113,0.40833333134651184,5.81,2.450000047683716,0.0,0.3,3.56550925925925,0.9,3.0
1,2021-05-04 16:09:52.812134,0.657870352268219,5.81,2.450000047683716,0.0,0.3,3.42939814814814,0.9,3.0
0,2021-05-04 16:09:55.702022,0.9074074029922485,5.81,2.450000047683716,0.0,0.3,3.30462962962962,0.9,3.0
0,2021-05-04 16:09:58.799338,0.9074074029922485,5.81,0.0,0.0,0.3,3.22523148148147,0.9,3.0
1,2021-05-04 16:10:03.599375,0.0,5.81,0.0,0.0,0.3,3.22523148148147,0.9,3.0
1,2021-05-04 16:10:08.177297,0.27222222089767456,5.81,2.450000047683716,0.0,0.3,3.16851851851851,0.9,3.0
1,2021-05-04 16:10:11.245901,0.5444444417953491,5.81,2.450000047683716,0.0,0.3,2.98703703703702,0.9,3.0
1,2021-05-04 16:10:14.244996,0.7259259223937988,5.81,2.450000047683716,0.0,0.3,2.8622685185185,0.9,3.0
0,2021-05-04 16:10:17.020439,0.9074074029922485,5.81,2.450000047683716,0.0,0.3,2.74884259259258,0.9,3.0
1,2021-05-04 16:10:20.018417,0.0,5.81,0.0,0.0,0.3,2.66944444444443,0.9,3.0
0,2021-05-04 16:10:23.654977,0.1587962955236435,5.81,2.450000047683716,0.0,0.3,2.62407407407406,0.9,3.0
0,2021-05-04 16:10:28.025870,0.3856481611728668,5.81,0.0,0.0,0.3,2.49930555555554,0.9,3.0
1,2021-05-04 16:10:32.296202,0.4763889014720917,5.81,0.0,0.0,0.3,2.41990740740739,0.9,3.0
0,2021-05-04 16:10:36.637255,0.7259259223937988,5.81,0.0,0.0,0.3,2.29513888888887,0.9,3.0
0,2021-05-04 16:10:41.203054,0.8620370626449585,5.81,0.0,0.0,0.3,2.22708333333331,0.9,3.0
0,2021-05-04 16:10:45.289187,0.0,5.81,2.450000047683716,0.0,0.3,2.12499999999998,0.9,3.0
0,2021-05-04 16:10:48.837124,0.1587962955236435,5.81,0.0,0.0,0.3,2.04560185185183,0.9,3.0
1,2021-05-04 16:10:53.341143,0.3402777910232544,5.81,0.0,0.0,0.3,1.95486111111109,0.9,3.0
1,2021-05-04 16:10:57.286199,0.657870352268219,5.81,2.450000047683716,0.0,0.3,1.80740740740738,0.9,3.0
1,2021-05-04 16:11:01.105453,0.7712963223457336,5.81,0.0,0.0,0.3,1.73935185185182,0.9,3.0
0,2021-05-04 16:11:05.232495,0.9074074029922485,5.81,0.0,0.0,0.3,1.65995370370367,0.9,3.0
1,2021-05-04 16:11:09.540563,0.13611111044883728,5.81,0.0,0.0,0.3,1.59189814814812,0.9,3.0
1,2021-05-04 16:11:13.729699,0.317592591047287,5.81,2.450000047683716,0.0,0.3,1.4671296296296,0.9,3.0
1,2021-05-04 16:11:18.164539,0.4763889014720917,5.81,0.0,0.0,0.3,1.36504629629626,0.9,3.0
0,2021-05-04 16:11:22.345692,0.612500011920929,5.81,0.0,0.0,0.3,1.29699074074071,0.9,3.0
1,2021-05-04 16:11:26.592002,0.7712963223457336,5.81,0.0,0.0,0.3,1.21759259259256,0.9,3.0
1,2021-05-04 16:11:30.742820,0.0,5.81,2.450000047683716,0.0,0.3,1.08148148148145,0.9,3.0
0,2021-05-04 16:11:34.916976,0.11342592537403107,5.81,0.0,0.0,0.3,1.01342592592589,0.9,3.0
0,2021-05-04 16:11:39.267037,0.27222222089767456,5.81,0.0,0.0,0.3,0.934027777777741,0.9,3.0
1,2021-05-04 16:11:43.569541,0.43101853132247925,5.81,0.0,0.0,0.3,0.854629629629593,0.9,3.0
1,2021-05-04 16:11:47.883465,0.6805555820465088,5.81,0.0,0.0,0.3,0.729861111111074,0.9,3.0
0,2021-05-04 16:11:51.809865,0.8620370626449585,5.81,2.450000047683716,0.0,0.3,0.650462962962926,0.9,3.0
0,2021-05-04 16:11:55.972297,0.0,5.81,0.0,0.0,0.3,0.571064814814778,0.9,3.0
1,2021-05-04 16:12:00.252253,0.1587962955236435,5.81,0.0,0.0,0.3,0.49166666666663,0.9,3.0
1,2021-05-04 16:12:04.829603,0.40833333134651184,5.81,0.0,0.0,0.3,0.366898148148112,0.9,3.0
0,2021-05-04 16:12:09.355307,0.5898148417472839,5.81,2.450000047683716,0.0,0.3,0.298842592592556,0.9,3.0
1,2021-05-04 16:12:14.134029,0.8166666626930237,5.81,0.0,0.0,0.3,5.73194444444445,0.9,3.0
0,2021-05-04 16:12:18.825219,0.0,5.81,0.0,0.0,0.3,5.60717592592593,0.9,3.0
1,2021-05-04 16:12:23.376377,0.27222222089767456,5.81,0.0,0.0,0.3,5.5164351851852,0.9,3.0
1,2021-05-04 16:12:27.524298,0.4763889014720917,5.81,2.450000047683716,0.0,0.3,5.39166666666668,0.9,3.0
0,2021-05-04 16:12:31.488416,0.5898148417472839,5.81,0.0,0.0,0.3,5.31226851851854,0.9,3.0
0,2021-05-04 16:12:35.447241,0.7259259223937988,5.81,2.450000047683716,0.0,0.3,5.24421296296298,0.9,3.0
1,2021-05-04 16:12:39.460254,0.8847222328186035,5.81,0.0,0.0,0.3,5.17615740740742,0.9,3.0
1,2021-05-04 16:12:43.370419,0.0,5.81,2.450000047683716,0.0,0.3,5.0627314814815,0.9,3.0
0,2021-05-04 16:12:47.254193,0.11342592537403107,5.81,2.450000047683716,0.0,0.3,4.99467592592594,0.9,3.0
0,2021-05-04 16:12:50.998168,0.22685185074806213,5.81,2.450000047683716,0.0,0.3,4.92662037037038,0.9,3.0
0,2021-05-04 16:12:54.974221,0.43101853132247925,5.81,0.0,0.0,0.3,4.84722222222223,0.9,3.0
1,2021-05-04 16:12:59.104384,0.5444444417953491,5.81,0.0,0.0,0.3,4.75648148148149,0.9,3.0
1,2021-05-04 16:13:03.176113,0.8393518328666687,5.81,0.0,0.0,0.3,4.62037037037038,0.9,3.0
0,2021-05-04 16:13:07.124843,0.9074074029922485,5.81,2.450000047683716,0.0,0.3,4.54097222222223,0.9,3.0
1,2021-05-04 16:13:11.330541,0.1814814805984497,5.81,2.450000047683716,0.0,0.3,4.47291666666667,0.9,3.0
1,2021-05-04 16:13:15.395237,0.40833333134651184,5.81,2.450000047683716,0.0,0.3,4.37083333333334,0.9,3.0
1,2021-05-04 16:13:19.458567,0.5444444417953491,5.81,2.450000047683716,0.0,0.3,4.2800925925926,0.9,3.0
0,2021-05-04 16:13:23.571480,0.7032407522201538,5.81,0.0,0.0,0.3,4.18935185185186,0.9,3.0
1,2021-05-04 16:13:27.626484,0.8166666626930237,5.81,0.0,0.0,0.3,4.1212962962963,0.9,3.0
1,2021-05-04 16:13:31.675173,0.0,5.81,2.450000047683716,0.0,0.3,4.00787037037037,0.9,3.0
1,2021-05-04 16:13:35.666143,0.13611111044883728,5.81,2.450000047683716,0.0,0.3,3.91712962962963,0.9,3.0
0,2021-05-04 16:13:39.627524,0.27222222089767456,5.81,0.0,0.0,0.3,3.84907407407407,0.9,3.0
1,2021-05-04 16:13:43.654330,0.43101853132247925,5.81,0.0,0.0,0.3,3.78101851851852,0.9,3.0
1,2021-05-04 16:13:47.651250,0.7032407522201538,5.81,2.450000047683716,0.0,0.3,3.65625,0.9,3.0
1,2021-05-04 16:13:51.495444,0.8166666626930237,5.81,0.0,0.0,0.3,3.57685185185185,0.9,3.0
0,2021-05-04 16:13:55.323424,0.9074074029922485,5.81,0.0,0.0,0.3,3.52013888888888,0.9,3.0
0,2021-05-04 16:13:59.240155,0.06805555522441864,5.81,0.0,0.0,0.3,3.45208333333333,0.9,3.0
1,2021-05-04 16:14:03.290644,0.24953703582286835,5.81,0.0,0.0,0.3,3.37268518518518,0.9,3.0
1,2021-05-04 16:14:07.352438,0.4763889014720917,5.81,2.450000047683716,0.0,0.3,3.27060185185184,0.9,3.0
1,2021-05-04 16:14:11.295558,0.5898148417472839,5.81,0.0,0.0,0.3,3.19120370370369,0.9,3.0
0,2021-05-04 16:14:15.280323,0.7486110925674438,5.81,0.0,0.0,0.3,3.11180555555555,0.9,3.0
0,2021-05-04 16:14:19.290495,0.9074074029922485,5.81,0.0,0.0,0.3,3.0324074074074,0.9,3.0
1,2021-05-04 16:14:23.318349,0.09074074029922485,5.81,0.0,0.0,0.3,2.97569444444443,0.9,3.0
0,2021-05-04 16:14:27.250209,0.317592591047287,5.81,0.0,0.0,0.3,2.8622685185185,0.9,3.0
0,2021-05-04 16:14:31.210232,0.4763889014720917,5.81,0.0,0.0,0.3,2.78287037037036,0.9,3.0
1,2021-05-04 16:14:35.378901,0.635185182094574,5.81,0.0,0.0,0.3,2.7148148148148,0.9,3.0
1,2021-05-04 16:14:39.405206,0.8166666626930237,5.81,2.450000047683716,0.0,0.3,2.61273148148146,0.9,3.0
0,2021-05-04 16:14:43.215181,0.9074074029922485,5.81,0.0,0.0,0.3,2.54467592592591,0.9,3.0
1,2021-05-04 16:14:47.243967,0.04537037014961243,5.81,0.0,0.0,0.3,2.49930555555554,0.9,3.0
1,2021-05-04 16:14:51.337567,0.317592591047287,5.81,2.450000047683716,0.0,0.3,2.38587962962961,0.9,3.0
0,2021-05-04 16:14:55.510616,0.45370370149612427,5.81,2.450000047683716,0.0,0.3,2.29513888888887,0.9,3.0
0,2021-05-04 16:14:59.548273,0.612500011920929,5.81,0.0,0.0,0.3,2.21574074074072,0.9,3.0
1,2021-05-04 16:15:03.674539,0.7486110925674438,5.81,0.0,0.0,0.3,2.14768518518516,0.9,3.0
0,2021-05-04 16:15:07.567165,0.9074074029922485,5.81,2.450000047683716,0.0,0.3,2.03425925925924,0.9,3.0
1,2021-05-04 16:15:11.574800,0.22685185074806213,5.81,0.0,0.0,0.3,1.97754629629627,0.9,3.0
1,2021-05-04 16:15:15.515523,0.3856481611728668,5.81,2.450000047683716,0.0,0.3,1.85277777777775,0.9,3.0
1,2021-05-04 16:15:19.571091,0.5898148417472839,5.81,2.450000047683716,0.0,0.3,1.76203703703701,0.9,3.0
1,2021-05-04 16:15:23.616208,0.7259259223937988,5.81,2.450000047683716,0.0,0.3,1.67129629629627,0.9,3.0
1,2021-05-04 16:15:27.616505,0.8620370626449585,5.81,0.0,0.0,0.3,1.59189814814812,0.9,3.0
0,2021-05-04 16:15:31.414530,0.0,5.81,2.450000047683716,0.0,0.3,1.51249999999997,0.9,3.0
1,2021-05-04 16:15:35.548388,0.1587962955236435,5.81,0.0,0.0,0.3,1.43310185185182,0.9,3.0
1,2021-05-04 16:15:39.549615,0.43101853132247925,5.81,2.450000047683716,0.0,0.3,1.3083333333333,0.9,3.0
0,2021-05-04 16:15:43.721008,0.5671296119689941,5.81,2.450000047683716,0.0,0.3,1.22893518518515,0.9,3.0
1,2021-05-04 16:15:47.741514,0.7712963223457336,5.81,0.0,0.0,0.3,1.149537037037,0.9,3.0
0,2021-05-04 16:15:51.593938,0.9074074029922485,5.81,2.450000047683716,0.0,0.3,1.03611111111107,0.9,3.0
1,2021-05-04 16:15:55.472059,0.04537037014961243,5.81,0.0,0.0,0.3,0.934027777777741,0.9,3.0
0,2021-05-04 16:15:59.387974,0.27222222089767456,5.81,2.450000047683716,0.0,0.3,0.820601851851815,0.9,3.0
0,2021-05-04 16:16:03.263139,0.43101853132247925,5.81,0.0,0.0,0.3,0.741203703703667,0.9,3.0
1,2021-05-04 16:16:07.217175,0.5898148417472839,5.81,0.0,0.0,0.3,0.661805555555519,0.9,3.0
1,2021-05-04 16:16:11.206879,0.8847222328186035,5.81,2.450000047683716,0.0,0.3,0.548379629629593,0.9,3.0
0,2021-05-04 16:16:15.138709,0.9074074029922485,5.81,0.0,0.0,0.3,0.44629629629626,0.9,3.0
1,2021-05-04 16:16:19.395321,0.20416666567325592,5.81,0.0,0.0,0.3,0.389583333333297,0.9,3.0
1,2021-05-04 16:16:23.337145,0.3629629611968994,5.81,2.450000047683716,0.0,0.3,0.298842592592556,0.9,3.0
1,2021-05-04 16:16:27.426572,0.4990740716457367,5.81,0.0,0.0,0.3,5.73194444444445,0.9,3.0
0,2021-05-04 16:16:31.508827,0.635185182094574,5.81,2.450000047683716,0.0,0.3,5.66388888888889,0.9,3.0
0,2021-05-04 16:16:35.540081,0.8393518328666687,5.81,0.0,0.0,0.3,5.58449074074075,0.9,3.0
1,2021-05-04 16:16:39.629681,0.0,5.81,0.0,0.0,0.3,5.5050925925926,0.9,3.0
1,2021-05-04 16:16:43.583814,0.11342592537403107,5.81,0.0,0.0,0.3,5.44837962962964,0.9,3.0
1,2021-05-04 16:16:47.679356,0.27222222089767456,5.81,0.0,0.0,0.3,5.3689814814815,0.9,3.0
1,2021-05-04 16:16:51.672821,0.5671296119689941,5.81,2.450000047683716,0.0,0.3,5.24421296296298,0.9,3.0
1,2021-05-04 16:16:55.905277,0.7032407522201538,5.81,2.450000047683716,0.0,0.3,5.15347222222224,0.9,3.0
0,2021-05-04 16:16:59.793099,0.8847222328186035,5.81,0.0,0.0,0.3,5.07407407407409,0.9,3.0
1,2021-05-04 16:17:03.875482,0.0,5.81,0.0,0.0,0.3,4.99467592592594,0.9,3.0
1,2021-05-04 16:17:07.916865,0.27222222089767456,5.81,0.0,0.0,0.3,4.86990740740742,0.9,3.0
1,2021-05-04 16:17:12.010407,0.43101853132247925,5.81,2.450000047683716,0.0,0.3,4.77916666666668,0.9,3.0
0,2021-05-04 16:17:16.142038,0.5898148417472839,5.81,0.0,0.0,0.3,4.69976851851853,0.9,3.0
1,2021-05-04 16:17:20.253266,0.7486110925674438,5.81,0.0,0.0,0.3,4.62037037037038,0.9,3.0
0,2021-05-04 16:17:25.219236,0.8847222328186035,5.81,2.450000047683716,0.0,0.3,4.55231481481482,0.9,3.0
1,2021-05-04 16:17:29.187577,0.04537037014961243,5.81,0.0,0.0,0.3,4.47291666666667,0.9,3.0
1,2021-05-04 16:17:33.230627,0.29490742087364197,5.81,2.450000047683716,0.0,0.3,4.34814814814815,0.9,3.0
1,2021-05-04 16:17:37.163359,0.43101853132247925,5.81,0.0,0.0,0.3,4.25740740740741,0.9,3.0
0,2021-05-04 16:17:41.004554,0.5671296119689941,5.81,0.0,0.0,0.3,4.18935185185186,0.9,3.0
0,2021-05-04 16:17:44.830915,0.7259259223937988,5.81,2.450000047683716,0.0,0.3,4.10995370370371,0.9,3.0
1,2021-05-04 16:17:48.834731,0.8847222328186035,5.81,0.0,0.0,0.3,4.03055555555556,0.9,3.0
1,2021-05-04 16:17:52.767201,0.04537037014961243,5.81,2.450000047683716,0.0,0.3,3.91712962962963,0.9,3.0
1,2021-05-04 16:17:56.826952,0.1814814805984497,5.81,2.450000047683716,0.0,0.3,3.83773148148148,0.9,3.0
0,2021-05-04 16:18:00.897580,0.317592591047287,5.81,0.0,0.0,0.3,3.76967592592592,0.9,3.0
1,2021-05-04 16:18:04.839077,0.5217592716217041,5.81,0.0,0.0,0.3,3.69027777777777,0.9,3.0
1,2021-05-04 16:18:08.850405,0.7486110925674438,5.81,2.450000047683716,0.0,0.3,3.56550925925925,0.9,3.0
0,2021-05-04 16:18:12.674964,0.9074074029922485,5.81,2.450000047683716,0.0,0.3,3.48611111111111,0.9,3.0
1,2021-05-04 16:18:16.737076,0.13611111044883728,5.81,2.450000047683716,0.0,0.3,3.42939814814814,0.9,3.0
1,2021-05-04 16:18:20.453371,0.27222222089767456,5.81,2.450000047683716,0.0,0.3,3.32731481481481,0.9,3.0
1,2021-05-04 16:18:24.429804,0.43101853132247925,5.81,2.450000047683716,0.0,0.3,3.24791666666666,0.9,3.0
1,2021-05-04 16:18:28.393150,0.612500011920929,5.81,2.450000047683716,0.0,0.3,3.15717592592592,0.9,3.0
0,2021-05-04 16:18:32.148536,0.7259259223937988,5.81,2.450000047683716,0.0,0.3,3.07777777777777,0.9,3.0
0,2021-05-04 16:18:35.929960,0.8620370626449585,5.81,0.0,0.0,0.3,3.00972222222221,0.9,3.0
1,2021-05-04 16:18:39.833907,0.0,5.81,0.0,0.0,0.3,2.93032407407406,0.9,3.0
1,2021-05-04 16:18:43.834404,0.27222222089767456,5.81,2.450000047683716,0.0,0.3,2.79421296296295,0.9,3.0
0,2021-05-04 16:18:47.640076,0.3856481611728668,5.81,2.450000047683716,0.0,0.3,2.73749999999998,0.9,3.0
0,2021-05-04 16:18:51.464956,0.5444444417953491,5.81,2.450000047683716,0.0,0.3,2.65810185185184,0.9,3.0
1,2021-05-04 16:18:55.499800,0.7259259223937988,5.81,0.0,0.0,0.3,2.59004629629628,0.9,3.0
0,2021-05-04 16:18:59.458639,0.9074074029922485,5.81,2.450000047683716,0.0,0.3,2.47662037037035,0.9,3.0
1,2021-05-04 16:19:03.501631,0.13611111044883728,5.81,0.0,0.0,0.3,2.44259259259257,0.9,3.0
1,2021-05-04 16:19:07.264810,0.317592591047287,5.81,2.450000047683716,0.0,0.3,2.31782407407405,0.9,3.0
1,2021-05-04 16:19:11.336856,0.5444444417953491,5.81,2.450000047683716,0.0,0.3,2.22708333333331,0.9,3.0
1,2021-05-04 16:19:15.435974,0.7032407522201538,5.81,2.450000047683716,0.0,0.3,2.13634259259257,0.9,3.0
1,2021-05-04 16:19:19.455733,0.8393518328666687,5.81,2.450000047683716,0.0,0.3,2.03425925925924,0.9,3.0
0,2021-05-04 16:19:23.159820,0.9074074029922485,5.81,0.0,0.0,0.3,1.96620370370368,0.9,3.0
1,2021-05-04 16:19:27.284315,0.09074074029922485,5.81,0.0,0.0,0.3,1.92083333333331,0.9,3.0
1,2021-05-04 16:19:31.252235,0.3402777910232544,5.81,2.450000047683716,0.0,0.3,1.80740740740738,0.9,3.0
1,2021-05-04 16:19:35.281623,0.4763889014720917,5.81,2.450000047683716,0.0,0.3,1.71666666666664,0.9,3.0
0,2021-05-04 16:19:39.295117,0.635185182094574,5.81,0.0,0.0,0.3,1.64861111111108,0.9,3.0
1,2021-05-04 16:19:43.262917,0.7486110925674438,5.81,0.0,0.0,0.3,1.58055555555553,0.9,3.0
1,2021-05-04 16:19:47.191116,0.0,5.81,2.450000047683716,0.0,0.3,1.44444444444441,0.9,3.0
1,2021-05-04 16:19:51.001273,0.11342592537403107,5.81,0.0,0.0,0.3,1.37638888888886,0.9,3.0
0,2021-05-04 16:19:54.951000,0.22685185074806213,5.81,0.0,0.0,0.3,1.31967592592589,0.9,3.0
0,2021-05-04 16:19:58.796381,0.3629629611968994,5.81,2.450000047683716,0.0,0.3,1.25162037037034,0.9,3.0
1,2021-05-04 16:20:02.877000,0.4990740716457367,5.81,0.0,0.0,0.3,1.18356481481478,0.9,3.0
1,2021-05-04 16:20:06.958962,0.7486110925674438,5.81,2.450000047683716,0.0,0.3,1.07013888888885,0.9,3.0
0,2021-05-04 16:20:10.934896,0.8620370626449585,5.81,2.450000047683716,0.0,0.3,1.0020833333333,0.9,3.0
0,2021-05-04 16:20:14.844820,0.0,5.81,0.0,0.0,0.3,0.922685185185148,0.9,3.0
1,2021-05-04 16:20:18.948772,0.1587962955236435,5.81,0.0,0.0,0.3,0.854629629629593,0.9,3.0
1,2021-05-04 16:20:22.745642,0.3856481611728668,5.81,2.450000047683716,0.0,0.3,0.729861111111074,0.9,3.0
1,2021-05-04 16:20:26.029636,0.5217592716217041,5.81,0.0,0.0,0.3,0.661805555555519,0.9,3.0
1,2021-05-04 16:20:29.016778,0.612500011920929,5.81,2.450000047683716,0.0,0.3,0.627777777777741,0.9,3.0
1,2021-05-04 16:20:31.888204,0.8393518328666687,5.81,2.450000047683716,0.0,0.3,0.503009259259223,0.9,3.0
0,2021-05-04 16:20:34.731650,0.9074074029922485,5.81,2.450000047683716,0.0,0.3,0.389583333333297,0.9,3.0
1,2021-05-04 16:20:37.487053,0.11342592537403107,5.81,0.0,0.0,0.3,0.310185185185149,0.9,3.0
0,2021-05-04 16:20:40.111148,0.22685185074806213,5.81,2.450000047683716,0.0,0.3,0.298842592592556,0.9,3.0
1,2021-05-04 16:20:42.870377,0.22685185074806213,5.81,2.450000047683716,0.0,0.3,5.8,0.9,3.0
1,2021-05-04 16:20:45.813946,0.3402777910232544,5.81,2.450000047683716,0.0,0.3,5.76597222222222,0.9,3.0
1,2021-05-04 16:20:48.596110,0.5217592716217041,5.81,2.450000047683716,0.0,0.3,5.6525462962963,0.9,3.0
1,2021-05-04 16:20:51.358288,0.7712963223457336,5.81,2.450000047683716,0.0,0.3,5.53912037037038,0.9,3.0
0,2021-05-04 16:20:53.997812,0.9074074029922485,5.81,2.450000047683716,0.0,0.3,5.42569444444446,0.9,3.0
1,2021-05-04 16:20:56.717015,0.022685185074806213,5.81,0.0,0.0,0.3,5.34629629629631,0.9,3.0
1,2021-05-04 16:20:59.479353,0.11342592537403107,5.81,2.450000047683716,0.0,0.3,5.30092592592594,0.9,3.0
1,2021-05-04 16:21:02.254216,0.3629629611968994,5.81,2.450000047683716,0.0,0.3,5.18750000000002,0.9,3.0
1,2021-05-04 16:21:05.273996,0.657870352268219,5.81,2.450000047683716,0.0,0.3,5.07407407407409,0.9,3.0
0,2021-05-04 16:21:08.246549,0.9074074029922485,5.81,2.450000047683716,0.0,0.3,4.94930555555557,0.9,3.0
1,2021-05-04 16:21:11.264219,0.0,5.81,0.0,0.0,0.3,4.86990740740742,0.9,3.0
1,2021-05-04 16:21:14.275084,0.1587962955236435,5.81,2.450000047683716,0.0,0.3,4.82453703703705,0.9,3.0
1,2021-05-04 16:21:17.124812,0.40833333134651184,5.81,2.450000047683716,0.0,0.3,4.69976851851853,0.9,3.0
1,2021-05-04 16:21:19.897500,0.5898148417472839,5.81,2.450000047683716,0.0,0.3,4.5863425925926,0.9,3.0
1,2021-05-04 16:21:22.624525,0.8620370626449585,5.81,2.450000047683716,0.0,0.3,4.47291666666667,0.9,3.0
0,2021-05-04 16:21:25.364565,0.9074074029922485,5.81,2.450000047683716,0.0,0.3,4.35949074074075,0.9,3.0
1,2021-05-04 16:21:28.247158,0.04537037014961243,5.81,0.0,0.0,0.3,4.29143518518519,0.9,3.0
1,2021-05-04 16:21:30.978427,0.11342592537403107,5.81,2.450000047683716,0.0,0.3,4.24606481481482,0.9,3.0
1,2021-05-04 16:21:33.733079,0.3856481611728668,5.81,2.450000047683716,0.0,0.3,4.14398148148148,0.9,3.0
1,2021-05-04 16:21:36.440281,0.657870352268219,5.81,2.450000047683716,0.0,0.3,4.03055555555556,0.9,3.0
1,2021-05-04 16:21:39.160576,0.8393518328666687,5.81,2.450000047683716,0.0,0.3,3.91712962962963,0.9,3.0
1,2021-05-04 16:21:42.099686,0.0,5.81,2.450000047683716,0.0,0.3,3.8037037037037,0.9,3.0
1,2021-05-04 16:21:45.157997,0.24953703582286835,5.81,2.450000047683716,0.0,0.3,3.69027777777777,0.9,3.0
1,2021-05-04 16:21:48.129289,0.4763889014720917,5.81,2.450000047683716,0.0,0.3,3.56550925925925,0.9,3.0
1,2021-05-04 16:21:51.226204,0.7032407522201538,5.81,2.450000047683716,0.0,0.3,3.44074074074073,0.9,3.0
0,2021-05-04 16:21:54.140087,0.9074074029922485,5.81,2.450000047683716,0.0,0.3,3.31597222222221,0.9,3.0
1,2021-05-04 16:21:57.151360,0.0,5.81,0.0,0.0,0.3,3.23657407407407,0.9,3.0
1,2021-05-04 16:22:00.179424,0.1587962955236435,5.81,2.450000047683716,0.0,0.3,3.20254629629629,0.9,3.0
1,2021-05-04 16:22:03.228239,0.40833333134651184,5.81,2.450000047683716,0.0,0.3,3.07777777777777,0.9,3.0
1,2021-05-04 16:22:06.299121,0.635185182094574,5.81,2.450000047683716,0.0,0.3,2.95300925925925,0.9,3.0
1,2021-05-04 16:22:09.279095,0.8620370626449585,5.81,2.450000047683716,0.0,0.3,2.82824074074073,0.9,3.0
0,2021-05-04 16:22:12.321306,0.9074074029922485,5.81,2.450000047683716,0.0,0.3,2.70347222222221,0.9,3.0
1,2021-05-04 16:22:15.281271,0.13611111044883728,5.81,0.0,0.0,0.3,2.62407407407406,0.9,3.0
1,2021-05-04 16:22:18.136557,0.27222222089767456,5.81,2.450000047683716,0.0,0.3,2.59004629629628,0.9,3.0
1,2021-05-04 16:22:20.921478,0.45370370149612427,5.81,2.450000047683716,0.0,0.3,2.47662037037035,0.9,3.0
1,2021-05-04 16:22:23.827646,0.6805555820465088,5.81,2.450000047683716,0.0,0.3,2.36319444444442,0.9,3.0
0,2021-05-04 16:22:26.657540,0.9074074029922485,5.81,2.450000047683716,0.0,0.3,2.2384259259259,0.9,3.0
1,2021-05-04 16:22:29.482518,0.0,5.81,0.0,0.0,0.3,2.15902777777776,0.9,3.0
1,2021-05-04 16:22:32.221524,0.06805555522441864,5.81,2.450000047683716,0.0,0.3,2.12499999999998,0.9,3.0
1,2021-05-04 16:22:35.076704,0.29490742087364197,5.81,2.450000047683716,0.0,0.3,2.02291666666664,0.9,3.0
1,2021-05-04 16:22:38.055155,0.5217592716217041,5.81,2.450000047683716,0.0,0.3,1.90949074074071,0.9,3.0
1,2021-05-04 16:22:40.810306,0.7259259223937988,5.81,2.450000047683716,0.0,0.3,1.79606481481479,0.9,3.0
0,2021-05-04 16:22:43.509680,0.9074074029922485,5.81,2.450000047683716,0.0,0.3,1.69398148148145,0.9,3.0
1,2021-05-04 16:22:46.315102,0.0,5.81,0.0,0.0,0.3,1.6145833333333,0.9,3.0
1,2021-05-04 16:22:49.115924,0.06805555522441864,5.81,2.450000047683716,0.0,0.3,1.58055555555553,0.9,3.0
1,2021-05-04 16:22:51.892281,0.29490742087364197,5.81,2.450000047683716,0.0,0.3,1.47847222222219,0.9,3.0
1,2021-05-04 16:22:54.684250,0.5217592716217041,5.81,2.450000047683716,0.0,0.3,1.36504629629626,0.9,3.0
1,2021-05-04 16:22:57.730737,0.8166666626930237,5.81,2.450000047683716,0.0,0.3,1.25162037037034,0.9,3.0
0,2021-05-04 16:23:00.596699,0.9074074029922485,5.81,2.450000047683716,0.0,0.3,1.12685185185182,0.9,3.0
1,2021-05-04 16:23:03.353624,0.022685185074806213,5.81,0.0,0.0,0.3,1.04745370370367,0.9,3.0
1,2021-05-04 16:23:06.229572,0.11342592537403107,5.81,2.450000047683716,0.0,0.3,1.01342592592589,0.9,3.0
1,2021-05-04 16:23:09.163587,0.3402777910232544,5.81,2.450000047683716,0.0,0.3,0.899999999999963,0.9,3.0
1,2021-05-04 16:23:12.228631,0.5898148417472839,5.81,2.450000047683716,0.0,0.3,0.786574074074037,0.9,3.0
1,2021-05-04 16:23:15.118389,0.7939814925193787,5.81,2.450000047683716,0.0,0.3,0.661805555555519,0.9,3.0
0,2021-05-04 16:23:17.925326,0.9074074029922485,5.81,2.450000047683716,0.0,0.3,0.548379629629593,0.9,3.0
1,2021-05-04 16:23:20.699622,0.06805555522441864,5.81,0.0,0.0,0.3,0.480324074074037,0.9,3.0
1,2021-05-04 16:23:23.617262,0.13611111044883728,5.81,2.450000047683716,0.0,0.3,0.44629629629626,0.9,3.0
1,2021-05-04 16:23:26.382496,0.3629629611968994,5.81,2.450000047683716,0.0,0.3,0.332870370370334,0.9,3.0
0,2021-05-04 16:23:29.109511,0.5898148417472839,5.81,2.450000047683716,0.0,0.3,0.298842592592556,0.9,3.0
1,2021-05-04 16:23:31.942064,0.5898148417472839,5.81,0.0,0.0,0.3,5.8,0.9,3.0
1,2021-05-04 16:23:34.681827,0.657870352268219,5.81,2.450000047683716,0.0,0.3,5.76597222222222,0.9,3.0
1,2021-05-04 16:23:37.627735,0.8847222328186035,5.81,2.450000047683716,0.0,0.3,5.66388888888889,0.9,3.0
1,2021-05-04 16:23:40.538851,0.09074074029922485,5.81,2.450000047683716,0.0,0.3,5.53912037037038,0.9,3.0
1,2021-05-04 16:23:43.456493,0.317592591047287,5.81,2.450000047683716,0.0,0.3,5.42569444444446,0.9,3.0
1,2021-05-04 16:23:46.305507,0.4763889014720917,5.81,2.450000047683716,0.0,0.3,5.30092592592594,0.9,3.0
1,2021-05-04 16:23:49.186152,0.7259259223937988,5.81,2.450000047683716,0.0,0.3,5.19884259259261,0.9,3.0
0,2021-05-04 16:23:52.012575,0.9074074029922485,5.81,2.450000047683716,0.0,0.3,5.07407407407409,0.9,3.0
1,2021-05-04 16:23:55.037478,0.0,5.81,0.0,0.0,0.3,4.99467592592594,0.9,3.0
1,2021-05-04 16:23:57.908110,0.06805555522441864,5.81,2.450000047683716,0.0,0.3,4.96064814814816,0.9,3.0
1,2021-05-04 16:24:00.772833,0.317592591047287,5.81,2.450000047683716,0.0,0.3,4.83587962962964,0.9,3.0
1,2021-05-04 16:24:03.537128,0.5671296119689941,5.81,2.450000047683716,0.0,0.3,4.72245370370371,0.9,3.0
1,2021-05-04 16:24:06.806058,0.8393518328666687,5.81,2.450000047683716,0.0,0.3,4.60902777777779,0.9,3.0
1,2021-05-04 16:24:11.553046,0.04537037014961243,5.81,2.450000047683716,0.0,0.3,4.47291666666667,0.9,3.0
1,2021-05-04 16:24:15.114977,0.3402777910232544,5.81,2.450000047683716,0.0,0.3,4.2800925925926,0.9,3.0
1,2021-05-04 16:24:19.636044,0.7259259223937988,5.81,2.450000047683716,0.0,0.3,4.13263888888889,0.9,3.0
0,2021-05-04 16:24:23.219459,0.9074074029922485,5.81,2.450000047683716,0.0,0.3,3.95115740740741,0.9,3.0
1,2021-05-04 16:24:26.371746,0.04537037014961243,5.81,0.0,0.0,0.3,3.86041666666667,0.9,3.0
1,2021-05-04 16:24:29.634403,0.1587962955236435,5.81,2.450000047683716,0.0,0.3,3.81504629629629,0.9,3.0
1,2021-05-04 16:24:33.147258,0.4990740716457367,5.81,2.450000047683716,0.0,0.3,3.67893518518518,0.9,3.0
1,2021-05-04 16:24:36.474854,0.7486110925674438,5.81,2.450000047683716,0.0,0.3,3.54282407407407,0.9,3.0
0,2021-05-04 16:24:39.792709,0.9074074029922485,5.81,2.450000047683716,0.0,0.3,3.40671296296296,0.9,3.0
1,2021-05-04 16:24:43.262192,0.022685185074806213,5.81,0.0,0.0,0.3,3.31597222222221,0.9,3.0
1,2021-05-04 16:24:46.714111,0.20416666567325592,5.81,2.450000047683716,0.0,0.3,3.28194444444444,0.9,3.0
1,2021-05-04 16:24:49.852164,0.40833333134651184,5.81,2.450000047683716,0.0,0.3,3.13449074074073,0.9,3.0
1,2021-05-04 16:24:52.788488,0.6805555820465088,5.81,2.450000047683716,0.0,0.3,3.00972222222221,0.9,3.0
0,2021-05-04 16:24:55.741646,0.9074074029922485,5.81,2.450000047683716,0.0,0.3,2.89629629629628,0.9,3.0
1,2021-05-04 16:24:58.624633,0.0,5.81,0.0,0.0,0.3,2.81689814814813,0.9,3.0
1,2021-05-04 16:25:01.742995,0.11342592537403107,5.81,2.450000047683716,0.0,0.3,2.78287037037036,0.9,3.0
1,2021-05-04 16:25:04.636555,0.40833333134651184,5.81,2.450000047683716,0.0,0.3,2.65810185185184,0.9,3.0
1,2021-05-04 16:25:07.557304,0.5898148417472839,5.81,2.450000047683716,0.0,0.3,2.54467592592591,0.9,3.0
1,2021-05-04 16:25:10.612285,0.8620370626449585,5.81,2.450000047683716,0.0,0.3,2.41990740740739,0.9,3.0
1,2021-05-04 16:25:14.037382,0.0,5.81,2.450000047683716,0.0,0.3,2.29513888888887,0.9,3.0
1,2021-05-04 16:25:17.537098,0.27222222089767456,5.81,2.450000047683716,0.0,0.3,2.15902777777776,0.9,3.0
1,2021-05-04 16:25:21.274416,0.5898148417472839,5.81,2.450000047683716,0.0,0.3,2.02291666666664,0.9,3.0
1,2021-05-04 16:25:24.529610,0.8166666626930237,5.81,2.450000047683716,0.0,0.3,1.86412037037034,0.9,3.0
0,2021-05-04 16:25:27.407831,0.9074074029922485,5.81,2.450000047683716,0.0,0.3,1.73935185185182,0.9,3.0
1,2021-05-04 16:25:30.235666,0.11342592537403107,5.81,0.0,0.0,0.3,1.64861111111108,0.9,3.0
1,2021-05-04 16:25:33.121972,0.22685185074806213,5.81,2.450000047683716,0.0,0.3,1.6145833333333,0.9,3.0
1,2021-05-04 16:25:36.102109,0.4763889014720917,5.81,2.450000047683716,0.0,0.3,1.48981481481478,0.9,3.0
1,2021-05-04 16:25:39.183142,0.7259259223937988,5.81,2.450000047683716,0.0,0.3,1.37638888888886,0.9,3.0
0,2021-05-04 16:25:42.166193,0.9074074029922485,5.81,2.450000047683716,0.0,0.3,1.25162037037034,0.9,3.0
1,2021-05-04 16:25:45.066883,0.0,5.81,0.0,0.0,0.3,1.17222222222219,0.9,3.0
1,2021-05-04 16:25:47.862109,0.09074074029922485,5.81,2.450000047683716,0.0,0.3,1.13819444444441,0.9,3.0
1,2021-05-04 16:25:50.887759,0.3402777910232544,5.81,2.450000047683716,0.0,0.3,1.02476851851848,0.9,3.0
1,2021-05-04 16:25:53.907975,0.5898148417472839,5.81,2.450000047683716,0.0,0.3,0.899999999999963,0.9,3.0
1,2021-05-04 16:25:56.744227,0.8166666626930237,5.81,2.450000047683716,0.0,0.3,0.775231481481445,0.9,3.0
0,2021-05-04 16:25:59.706617,0.9074074029922485,5.81,2.450000047683716,0.0,0.3,0.661805555555519,0.9,3.0
1,2021-05-04 16:26:02.610429,0.06805555522441864,5.81,0.0,0.0,0.3,0.571064814814778,0.9,3.0
1,2021-05-04 16:26:05.576194,0.1587962955236435,5.81,2.450000047683716,0.0,0.3,0.548379629629593,0.9,3.0
1,2021-05-04 16:26:08.621624,0.3856481611728668,5.81,2.450000047683716,0.0,0.3,0.423611111111074,0.9,3.0
0,2021-05-04 16:26:11.268381,0.635185182094574,5.81,2.450000047683716,0.0,0.3,0.298842592592556,0.9,3.0
1,2021-05-04 16:26:14.193115,0.635185182094574,5.81,2.450000047683716,0.0,0.3,5.8,0.9,3.0
1,2021-05-04 16:26:17.267583,0.7939814925193787,5.81,2.450000047683716,0.0,0.3,5.75462962962963,0.9,3.0
0,2021-05-04 16:26:20.270258,0.9074074029922485,5.81,2.450000047683716,0.0,0.3,5.62986111111112,0.9,3.0
1,2021-05-04 16:26:23.373044,0.022685185074806213,5.81,0.0,0.0,0.3,5.55046296296297,0.9,3.0
1,2021-05-04 16:26:26.755359,0.20416666567325592,5.81,2.450000047683716,0.0,0.3,5.5050925925926,0.9,3.0
1,2021-05-04 16:26:29.920142,0.45370370149612427,5.81,2.450000047683716,0.0,0.3,5.3689814814815,0.9,3.0
1,2021-05-04 16:26:33.020381,0.657870352268219,5.81,2.450000047683716,0.0,0.3,5.24421296296298,0.9,3.0
0,2021-05-04 16:26:36.004388,0.9074074029922485,5.81,2.450000047683716,0.0,0.3,5.10810185185187,0.9,3.0
1,2021-05-04 16:26:38.943110,0.0,5.81,0.0,0.0,0.3,5.02870370370372,0.9,3.0
1,2021-05-04 16:26:41.781051,0.09074074029922485,5.81,2.450000047683716,0.0,0.3,4.98333333333335,0.9,3.0
1,2021-05-04 16:26:44.592985,0.3402777910232544,5.81,2.450000047683716,0.0,0.3,4.86990740740742,0.9,3.0
1,2021-05-04 16:26:47.758319,0.5671296119689941,5.81,2.450000047683716,0.0,0.3,4.75648148148149,0.9,3.0
1,2021-05-04 16:26:50.638456,0.8847222328186035,5.81,2.450000047683716,0.0,0.3,4.63171296296297,0.9,3.0
0,2021-05-04 16:26:53.432433,0.9074074029922485,5.81,2.450000047683716,0.0,0.3,4.50694444444445,0.9,3.0
1,2021-05-04 16:26:56.423766,0.09074074029922485,5.81,0.0,0.0,0.3,4.4275462962963,0.9,3.0
1,2021-05-04 16:26:59.333042,0.20416666567325592,5.81,2.450000047683716,0.0,0.3,4.38217592592593,0.9,3.0
1,2021-05-04 16:27:02.322524,0.40833333134651184,5.81,2.450000047683716,0.0,0.3,4.26875,0.9,3.0
1,2021-05-04 16:27:05.830268,0.7486110925674438,5.81,2.450000047683716,0.0,0.3,4.14398148148148,0.9,3.0
0,2021-05-04 16:27:09.102664,0.9074074029922485,5.81,2.450000047683716,0.0,0.3,4.00787037037037,0.9,3.0
1,2021-05-04 16:27:12.434415,0.0,5.81,0.0,0.0,0.3,3.91712962962963,0.9,3.0
1,2021-05-04 16:27:15.891913,0.1587962955236435,5.81,2.450000047683716,0.0,0.3,3.87175925925926,0.9,3.0
1,2021-05-04 16:27:19.039489,0.3856481611728668,5.81,2.450000047683716,0.0,0.3,3.73564814814815,0.9,3.0
1,2021-05-04 16:27:22.170141,0.7259259223937988,5.81,2.450000047683716,0.0,0.3,3.61087962962963,0.9,3.0
1,2021-05-04 16:27:25.106798,0.8847222328186035,5.81,2.450000047683716,0.0,0.3,3.47476851851851,0.9,3.0
1,2021-05-04 16:27:27.975981,0.022685185074806213,5.81,2.450000047683716,0.0,0.3,3.34999999999999,0.9,3.0
1,2021-05-04 16:27:30.855075,0.29490742087364197,5.81,2.450000047683716,0.0,0.3,3.23657407407407,0.9,3.0
1,2021-05-04 16:27:33.870170,0.5217592716217041,5.81,2.450000047683716,0.0,0.3,3.12314814814814,0.9,3.0
1,2021-05-04 16:27:36.824334,0.7712963223457336,5.81,2.450000047683716,0.0,0.3,2.99837962962962,0.9,3.0
0,2021-05-04 16:27:39.889447,0.9074074029922485,5.81,2.450000047683716,0.0,0.3,2.8736111111111,0.9,3.0
1,2021-05-04 16:27:43.085465,0.022685185074806213,5.81,0.0,0.0,0.3,2.79421296296295,0.9,3.0
1,2021-05-04 16:27:46.268391,0.20416666567325592,5.81,2.450000047683716,0.0,0.3,2.74884259259258,0.9,3.0
1,2021-05-04 16:27:49.513239,0.40833333134651184,5.81,2.450000047683716,0.0,0.3,2.61273148148146,0.9,3.0
1,2021-05-04 16:27:53.047216,0.7486110925674438,5.81,2.450000047683716,0.0,0.3,2.48796296296294,0.9,3.0
0,2021-05-04 16:27:56.395373,0.9074074029922485,5.81,2.450000047683716,0.0,0.3,2.34050925925924,0.9,3.0
1,2021-05-04 16:27:59.632627,0.0,5.81,0.0,0.0,0.3,2.2497685185185,0.9,3.0
1,2021-05-04 16:28:02.889345,0.1814814805984497,5.81,2.450000047683716,0.0,0.3,2.20439814814813,0.9,3.0
1,2021-05-04 16:28:05.926006,0.3629629611968994,5.81,2.450000047683716,0.0,0.3,2.07962962962961,0.9,3.0
1,2021-05-04 16:28:08.869384,0.635185182094574,5.81,2.450000047683716,0.0,0.3,1.95486111111109,0.9,3.0
1,2021-05-04 16:28:11.855557,0.8620370626449585,5.81,2.450000047683716,0.0,0.3,1.84143518518516,0.9,3.0
0,2021-05-04 16:28:15.072469,0.9074074029922485,5.81,2.450000047683716,0.0,0.3,1.72800925925923,0.9,3.0
1,2021-05-04 16:28:18.342134,0.11342592537403107,5.81,0.0,0.0,0.3,1.64861111111108,0.9,3.0
1,2021-05-04 16:28:21.741456,0.20416666567325592,5.81,2.450000047683716,0.0,0.3,1.60324074074071,0.9,3.0
1,2021-05-04 16:28:24.712362,0.4763889014720917,5.81,2.450000047683716,0.0,0.3,1.4671296296296,0.9,3.0
1,2021-05-04 16:28:27.621977,0.7486110925674438,5.81,2.450000047683716,0.0,0.3,1.35370370370367,0.9,3.0
0,2021-05-04 16:28:30.611748,0.9074074029922485,5.81,2.450000047683716,0.0,0.3,1.22893518518515,0.9,3.0
1,2021-05-04 16:28:33.452729,0.0,5.81,0.0,0.0,0.3,1.16087962962959,0.9,3.0
1,2021-05-04 16:28:36.308400,0.09074074029922485,5.81,2.450000047683716,0.0,0.3,1.12685185185182,0.9,3.0
1,2021-05-04 16:28:39.241162,0.3856481611728668,5.81,2.450000047683716,0.0,0.3,1.01342592592589,0.9,3.0
1,2021-05-04 16:28:42.301901,0.5444444417953491,5.81,2.450000047683716,0.0,0.3,0.888657407407371,0.9,3.0
1,2021-05-04 16:28:45.376384,0.8393518328666687,5.81,2.450000047683716,0.0,0.3,0.763888888888852,0.9,3.0
1,2021-05-04 16:28:48.435529,0.0,5.81,2.450000047683716,0.0,0.3,0.639120370370334,0.9,3.0
1,2021-05-04 16:28:51.384035,0.27222222089767456,5.81,2.450000047683716,0.0,0.3,0.514351851851815,0.9,3.0
1,2021-05-04 16:28:54.262220,0.43101853132247925,5.81,2.450000047683716,0.0,0.3,0.400925925925889,0.9,3.0
0,2021-05-04 16:28:57.064035,0.6805555820465088,5.81,2.450000047683716,0.0,0.3,0.298842592592556,0.9,3.0
1,2021-05-04 16:29:00.139936,0.6805555820465088,5.81,0.0,0.0,0.3,5.8,0.9,3.0
1,2021-05-04 16:29:03.343389,0.7712963223457336,5.81,0.0,0.0,0.3,5.76597222222222,0.9,3.0
0,2021-05-04 16:29:06.656282,0.9074074029922485,5.81,2.450000047683716,0.0,0.3,5.64120370370371,0.9,3.0
1,2021-05-04 16:29:09.978571,0.09074074029922485,5.81,0.0,0.0,0.3,5.53912037037038,0.9,3.0
1,2021-05-04 16:29:12.963940,0.20416666567325592,5.81,2.450000047683716,0.0,0.3,5.5050925925926,0.9,3.0
1,2021-05-04 16:29:15.984552,0.43101853132247925,5.81,2.450000047683716,0.0,0.3,5.38032407407409,0.9,3.0
1,2021-05-04 16:29:19.032188,0.6805555820465088,5.81,2.450000047683716,0.0,0.3,5.26689814814817,0.9,3.0
0,2021-05-04 16:29:21.914491,0.9074074029922485,5.81,2.450000047683716,0.0,0.3,5.14212962962965,0.9,3.0
1,2021-05-04 16:29:24.817506,0.0,5.81,0.0,0.0,0.3,5.0513888888889,0.9,3.0
1,2021-05-04 16:29:28.020629,0.13611111044883728,5.81,2.450000047683716,0.0,0.3,5.01736111111112,0.9,3.0
1,2021-05-04 16:29:31.142988,0.3856481611728668,5.81,2.450000047683716,0.0,0.3,4.88125000000001,0.9,3.0
1,2021-05-04 16:29:34.311500,0.612500011920929,5.81,2.450000047683716,0.0,0.3,4.75648148148149,0.9,3.0
1,2021-05-04 16:29:37.250559,0.8620370626449585,5.81,2.450000047683716,0.0,0.3,4.63171296296297,0.9,3.0
1,2021-05-04 16:29:40.212773,0.022685185074806213,5.81,2.450000047683716,0.0,0.3,4.51828703703704,0.9,3.0
1,2021-05-04 16:29:43.202078,0.29490742087364197,5.81,2.450000047683716,0.0,0.3,4.39351851851852,0.9,3.0
1,2021-05-04 16:29:47.058224,0.5898148417472839,5.81,2.450000047683716,0.0,0.3,4.26875,0.9,3.0
1,2021-05-04 16:29:50.098109,0.7939814925193787,5.81,2.450000047683716,0.0,0.3,4.10995370370371,0.9,3.0
0,2021-05-04 16:29:53.040509,0.9074074029922485,5.81,2.450000047683716,0.0,0.3,3.99652777777778,0.9,3.0
1,2021-05-04 16:29:56.254000,0.04537037014961243,5.81,0.0,0.0,0.3,3.91712962962963,0.9,3.0
1,2021-05-04 16:29:59.296336,0.13611111044883728,5.81,2.450000047683716,0.0,0.3,3.87175925925926,0.9,3.0
1,2021-05-04 16:30:02.391223,0.40833333134651184,5.81,2.450000047683716,0.0,0.3,3.74699074074074,0.9,3.0
1,2021-05-04 16:30:05.423576,0.657870352268219,5.81,2.450000047683716,0.0,0.3,3.62222222222222,0.9,3.0
0,2021-05-04 16:30:08.360552,0.9074074029922485,5.81,2.450000047683716,0.0,0.3,3.4974537037037,0.9,3.0
1,2021-05-04 16:30:11.509502,0.0,5.81,0.0,0.0,0.3,3.40671296296296,0.9,3.0
1,2021-05-04 16:30:14.682661,0.1814814805984497,5.81,2.450000047683716,0.0,0.3,3.36134259259259,0.9,3.0
1,2021-05-04 16:30:17.718954,0.3402777910232544,5.81,2.450000047683716,0.0,0.3,3.23657407407407,0.9,3.0
1,2021-05-04 16:30:20.575577,0.612500011920929,5.81,2.450000047683716,0.0,0.3,3.11180555555555,0.9,3.0
1,2021-05-04 16:30:23.831820,0.8620370626449585,5.81,2.450000047683716,0.0,0.3,2.99837962962962,0.9,3.0
1,2021-05-04 16:30:27.005078,0.0,5.81,2.450000047683716,0.0,0.3,2.8622685185185,0.9,3.0
1,2021-05-04 16:30:29.905412,0.22685185074806213,5.81,2.450000047683716,0.0,0.3,2.73749999999998,0.9,3.0
1,2021-05-04 16:30:32.789231,0.4763889014720917,5.81,2.450000047683716,0.0,0.3,2.62407407407406,0.9,3.0
1,2021-05-04 16:30:35.673493,0.7032407522201538,5.81,2.450000047683716,0.0,0.3,2.51064814814813,0.9,3.0
0,2021-05-04 16:30:38.604935,0.9074074029922485,5.81,2.450000047683716,0.0,0.3,2.3972222222222,0.9,3.0
1,2021-05-04 16:30:41.716366,0.0,5.81,0.0,0.0,0.3,2.31782407407405,0.9,3.0
1,2021-05-04 16:30:45.134113,0.1587962955236435,5.81,2.450000047683716,0.0,0.3,2.28379629629628,0.9,3.0
1,2021-05-04 16:30:48.784014,0.40833333134651184,5.81,2.450000047683716,0.0,0.3,2.14768518518516,0.9,3.0
1,2021-05-04 16:30:52.279489,0.7486110925674438,5.81,2.450000047683716,0.0,0.3,2.00023148148146,0.9,3.0
0,2021-05-04 16:30:55.274062,0.9074074029922485,5.81,2.450000047683716,0.0,0.3,1.85277777777775,0.9,3.0
1,2021-05-04 16:30:58.725469,0.0,5.81,0.0,0.0,0.3,1.7733796296296,0.9,3.0
1,2021-05-04 16:31:01.559872,0.09074074029922485,5.81,2.450000047683716,0.0,0.3,1.72800925925923,0.9,3.0
1,2021-05-04 16:31:04.384594,0.3629629611968994,5.81,2.450000047683716,0.0,0.3,1.60324074074071,0.9,3.0
1,2021-05-04 16:31:07.322297,0.635185182094574,5.81,2.450000047683716,0.0,0.3,1.48981481481478,0.9,3.0
1,2021-05-04 16:31:10.196203,0.8166666626930237,5.81,2.450000047683716,0.0,0.3,1.37638888888886,0.9,3.0
0,2021-05-04 16:31:13.016504,0.9074074029922485,5.81,2.450000047683716,0.0,0.3,1.25162037037034,0.9,3.0
1,2021-05-04 16:31:16.167794,0.06805555522441864,5.81,0.0,0.0,0.3,1.18356481481478,0.9,3.0
1,2021-05-04 16:31:19.475807,0.24953703582286835,5.81,2.450000047683716,0.0,0.3,1.13819444444441,0.9,3.0
1,2021-05-04 16:31:22.705652,0.4990740716457367,5.81,2.450000047683716,0.0,0.3,1.01342592592589,0.9,3.0
1,2021-05-04 16:31:25.929272,0.7259259223937988,5.81,2.450000047683716,0.0,0.3,0.877314814814778,0.9,3.0
0,2021-05-04 16:31:29.094901,0.9074074029922485,5.81,2.450000047683716,0.0,0.3,0.741203703703667,0.9,3.0
1,2021-05-04 16:31:32.435398,0.022685185074806213,5.81,0.0,0.0,0.3,0.661805555555519,0.9,3.0
1,2021-05-04 16:31:35.737760,0.20416666567325592,5.81,2.450000047683716,0.0,0.3,0.616435185185149,0.9,3.0
1,2021-05-04 16:31:39.049330,0.4763889014720917,5.81,2.450000047683716,0.0,0.3,0.480324074074037,0.9,3.0
1,2021-05-04 16:31:42.114927,0.6805555820465088,5.81,2.450000047683716,0.0,0.3,0.344212962962926,0.9,3.0
0,2021-05-04 16:31:45.884947,0.9074074029922485,5.81,2.450000047683716,0.0,0.3,0.298842592592556,0.9,3.0
1,2021-05-04 16:31:49.388227,0.0,5.81,0.0,0.0,0.3,5.8,0.9,3.0
1,2021-05-04 16:31:52.665561,0.11342592537403107,5.81,2.450000047683716,0.0,0.3,5.76597222222222,0.9,3.0
1,2021-05-04 16:31:55.984866,0.43101853132247925,5.81,2.450000047683716,0.0,0.3,5.62986111111112,0.9,3.0
1,2021-05-04 16:31:59.337908,0.657870352268219,5.81,2.450000047683716,0.0,0.3,5.49375000000001,0.9,3.0
0,2021-05-04 16:32:02.539649,0.9074074029922485,5.81,2.450000047683716,0.0,0.3,5.3689814814815,0.9,3.0
1,2021-05-04 16:32:05.848376,0.0,5.81,0.0,0.0,0.3,5.27824074074076,0.9,3.0
1,2021-05-04 16:32:09.251485,0.11342592537403107,5.81,2.450000047683716,0.0,0.3,5.24421296296298,0.9,3.0
1,2021-05-04 16:32:12.574320,0.43101853132247925,5.81,2.450000047683716,0.0,0.3,5.09675925925927,0.9,3.0
1,2021-05-04 16:32:16.120057,0.657870352268219,5.81,2.450000047683716,0.0,0.3,4.97199074074075,0.9,3.0
0,2021-05-04 16:32:19.060639,0.9074074029922485,5.81,2.450000047683716,0.0,0.3,4.82453703703705,0.9,3.0
1,2021-05-04 16:32:22.284739,0.0,5.81,0.0,0.0,0.3,4.73379629629631,0.9,3.0
1,2021-05-04 16:32:25.332817,0.1587962955236435,5.81,2.450000047683716,0.0,0.3,4.69976851851853,0.9,3.0
1,2021-05-04 16:32:28.204068,0.3402777910232544,5.81,2.450000047683716,0.0,0.3,4.57500000000001,0.9,3.0
1,2021-05-04 16:32:31.086211,0.5671296119689941,5.81,2.450000047683716,0.0,0.3,4.46157407407408,0.9,3.0
1,2021-05-04 16:32:34.086206,0.7939814925193787,5.81,2.450000047683716,0.0,0.3,4.34814814814815,0.9,3.0
0,2021-05-04 16:32:37.257617,0.9074074029922485,5.81,2.450000047683716,0.0,0.3,4.22337962962963,0.9,3.0
1,2021-05-04 16:32:40.176148,0.09074074029922485,5.81,0.0,0.0,0.3,4.13263888888889,0.9,3.0
1,2021-05-04 16:32:43.069137,0.1587962955236435,5.81,2.450000047683716,0.0,0.3,4.10995370370371,0.9,3.0
1,2021-05-04 16:32:45.939303,0.3856481611728668,5.81,2.450000047683716,0.0,0.3,3.99652777777778,0.9,3.0
1,2021-05-04 16:32:48.956940,0.657870352268219,5.81,2.450000047683716,0.0,0.3,3.87175925925926,0.9,3.0
1,2021-05-04 16:32:52.028229,0.8847222328186035,5.81,2.450000047683716,0.0,0.3,3.75833333333333,0.9,3.0
1,2021-05-04 16:32:55.093913,0.0,5.81,2.450000047683716,0.0,0.3,3.63356481481481,0.9,3.0
1,2021-05-04 16:32:57.960227,0.22685185074806213,5.81,2.450000047683716,0.0,0.3,3.50879629629629,0.9,3.0
1,2021-05-04 16:33:01.014572,0.4990740716457367,5.81,2.450000047683716,0.0,0.3,3.39537037037036,0.9,3.0
1,2021-05-04 16:33:04.075886,0.7259259223937988,5.81,2.450000047683716,0.0,0.3,3.28194444444444,0.9,3.0
0,2021-05-04 16:33:07.226875,0.9074074029922485,5.81,2.450000047683716,0.0,0.3,3.15717592592592,0.9,3.0
1,2021-05-04 16:33:10.568737,0.0,5.81,0.0,0.0,0.3,3.06643518518517,0.9,3.0
1,2021-05-04 16:33:13.820298,0.13611111044883728,5.81,2.450000047683716,0.0,0.3,3.0210648148148,0.9,3.0
1,2021-05-04 16:33:17.144270,0.43101853132247925,5.81,2.450000047683716,0.0,0.3,2.89629629629628,0.9,3.0
1,2021-05-04 16:33:20.350699,0.6805555820465088,5.81,2.450000047683716,0.0,0.3,2.76018518518517,0.9,3.0
0,2021-05-04 16:33:23.480737,0.9074074029922485,5.81,2.450000047683716,0.0,0.3,2.63541666666665,0.9,3.0
1,2021-05-04 16:33:26.674275,0.0,5.81,0.0,0.0,0.3,2.54467592592591,0.9,3.0
1,2021-05-04 16:33:29.835864,0.1587962955236435,5.81,2.450000047683716,0.0,0.3,2.49930555555554,0.9,3.0
1,2021-05-04 16:33:33.029274,0.40833333134651184,5.81,2.450000047683716,0.0,0.3,2.37453703703702,0.9,3.0
1,2021-05-04 16:33:36.325024,0.635185182094574,5.81,2.450000047683716,0.0,0.3,2.2384259259259,0.9,3.0
0,2021-05-04 16:33:39.440277,0.9074074029922485,5.81,2.450000047683716,0.0,0.3,2.11365740740738,0.9,3.0
1,2021-05-04 16:33:42.811881,0.0,5.81,0.0,0.0,0.3,2.02291666666664,0.9,3.0
1,2021-05-04 16:33:46.029892,0.1587962955236435,5.81,2.450000047683716,0.0,0.3,1.97754629629627,0.9,3.0
1,2021-05-04 16:33:49.320393,0.40833333134651184,5.81,2.450000047683716,0.0,0.3,1.85277777777775,0.9,3.0
1,2021-05-04 16:33:52.593664,0.7259259223937988,5.81,2.450000047683716,0.0,0.3,1.71666666666664,0.9,3.0
0,2021-05-04 16:33:55.781690,0.9074074029922485,5.81,2.450000047683716,0.0,0.3,1.58055555555553,0.9,3.0
1,2021-05-04 16:33:59.104239,0.0,5.81,0.0,0.0,0.3,1.50115740740738,0.9,3.0
1,2021-05-04 16:34:02.305659,0.1814814805984497,5.81,2.450000047683716,0.0,0.3,1.45578703703701,0.9,3.0
1,2021-05-04 16:34:05.237927,0.3629629611968994,5.81,2.450000047683716,0.0,0.3,1.31967592592589,0.9,3.0
1,2021-05-04 16:34:08.159710,0.612500011920929,5.81,2.450000047683716,0.0,0.3,1.20624999999997,0.9,3.0
1,2021-05-04 16:34:11.126289,0.8847222328186035,5.81,2.450000047683716,0.0,0.3,1.08148148148145,0.9,3.0
1,2021-05-04 16:34:14.313307,0.0,5.81,2.450000047683716,0.0,0.3,0.956712962962926,0.9,3.0
1,2021-05-04 16:34:17.286880,0.24953703582286835,5.81,2.450000047683716,0.0,0.3,0.831944444444408,0.9,3.0
1,2021-05-04 16:34:20.202160,0.4763889014720917,5.81,2.450000047683716,0.0,0.3,0.707175925925889,0.9,3.0
1,2021-05-04 16:34:23.219800,0.7486110925674438,5.81,2.450000047683716,0.0,0.3,0.593749999999963,0.9,3.0
0,2021-05-04 16:34:26.401377,0.9074074029922485,5.81,2.450000047683716,0.0,0.3,0.468981481481445,0.9,3.0
1,2021-05-04 16:34:30.276926,0.022685185074806213,5.81,0.0,0.0,0.3,0.366898148148112,0.9,3.0
1,2021-05-04 16:34:33.811911,0.22685185074806213,5.81,2.450000047683716,0.0,0.3,0.310185185185149,0.9,3.0
1,2021-05-04 16:34:36.955578,0.5217592716217041,5.81,2.450000047683716,0.0,0.3,5.76597222222222,0.9,3.0
1,2021-05-04 16:34:39.855257,0.7939814925193787,5.81,2.450000047683716,0.0,0.3,5.64120370370371,0.9,3.0
0,2021-05-04 16:34:42.788096,0.9074074029922485,5.81,2.450000047683716,0.0,0.3,5.5164351851852,0.9,3.0
1,2021-05-04 16:34:45.762116,0.0,5.81,0.0,0.0,0.3,5.43703703703705,0.9,3.0
1,2021-05-04 16:34:48.610690,0.11342592537403107,5.81,2.450000047683716,0.0,0.3,5.39166666666668,0.9,3.0
1,2021-05-04 16:34:51.544385,0.3856481611728668,5.81,2.450000047683716,0.0,0.3,5.27824074074076,0.9,3.0
1,2021-05-04 16:34:54.431921,0.5671296119689941,5.81,2.450000047683716,0.0,0.3,5.15347222222224,0.9,3.0
1,2021-05-04 16:34:57.350269,0.8166666626930237,5.81,2.450000047683716,0.0,0.3,5.04004629629631,0.9,3.0
0,2021-05-04 16:35:00.572472,0.9074074029922485,5.81,2.450000047683716,0.0,0.3,4.92662037037038,0.9,3.0
1,2021-05-04 16:35:03.790873,0.06805555522441864,5.81,0.0,0.0,0.3,4.84722222222223,0.9,3.0
1,2021-05-04 16:35:06.761219,0.1814814805984497,5.81,2.450000047683716,0.0,0.3,4.80185185185186,0.9,3.0
1,2021-05-04 16:35:09.850616,0.45370370149612427,5.81,2.450000047683716,0.0,0.3,4.67708333333334,0.9,3.0
1,2021-05-04 16:35:13.224084,0.7486110925674438,5.81,2.450000047683716,0.0,0.3,4.55231481481482,0.9,3.0
0,2021-05-04 16:35:16.490238,0.9074074029922485,5.81,2.450000047683716,0.0,0.3,4.41620370370371,0.9,3.0
1,2021-05-04 16:35:19.803141,0.0,5.81,0.0,0.0,0.3,4.32546296296297,0.9,3.0
1,2021-05-04 16:35:23.033178,0.1814814805984497,5.81,2.450000047683716,0.0,0.3,4.2800925925926,0.9,3.0
1,2021-05-04 16:35:26.293709,0.45370370149612427,5.81,2.450000047683716,0.0,0.3,4.14398148148148,0.9,3.0
1,2021-05-04 16:35:29.376800,0.6805555820465088,5.81,2.450000047683716,0.0,0.3,4.00787037037037,0.9,3.0
1,2021-05-04 16:35:32.296560,0.8620370626449585,5.81,2.450000047683716,0.0,0.3,3.89444444444444,0.9,3.0
1,2021-05-04 16:35:35.227038,0.022685185074806213,5.81,2.450000047683716,0.0,0.3,3.78101851851852,0.9,3.0
1,2021-05-04 16:35:38.202076,0.317592591047287,5.81,2.450000047683716,0.0,0.3,3.65625,0.9,3.0
1,2021-05-04 16:35:41.214362,0.4990740716457367,5.81,2.450000047683716,0.0,0.3,3.53148148148148,0.9,3.0
1,2021-05-04 16:35:44.157649,0.7486110925674438,5.81,2.450000047683716,0.0,0.3,3.41805555555555,0.9,3.0
0,2021-05-04 16:35:47.205567,0.9074074029922485,5.81,2.450000047683716,0.0,0.3,3.29328703703703,0.9,3.0
1,2021-05-04 16:35:50.171425,0.0,5.81,0.0,0.0,0.3,3.21388888888888,0.9,3.0
1,2021-05-04 16:35:53.018628,0.09074074029922485,5.81,2.450000047683716,0.0,0.3,3.1798611111111,0.9,3.0
1,2021-05-04 16:35:56.011670,0.3402777910232544,5.81,2.450000047683716,0.0,0.3,3.06643518518517,0.9,3.0
1,2021-05-04 16:35:59.118134,0.5898148417472839,5.81,2.450000047683716,0.0,0.3,2.94166666666665,0.9,3.0
1,2021-05-04 16:36:02.071851,0.8393518328666687,5.81,2.450000047683716,0.0,0.3,2.81689814814813,0.9,3.0
0,2021-05-04 16:36:05.075241,0.9074074029922485,5.81,2.450000047683716,0.0,0.3,2.70347222222221,0.9,3.0
1,2021-05-04 16:36:08.219783,0.09074074029922485,5.81,0.0,0.0,0.3,2.61273148148146,0.9,3.0
1,2021-05-04 16:36:11.303951,0.20416666567325592,5.81,2.450000047683716,0.0,0.3,2.57870370370369,0.9,3.0
1,2021-05-04 16:36:14.234210,0.45370370149612427,5.81,2.450000047683716,0.0,0.3,2.45393518518517,0.9,3.0
1,2021-05-04 16:36:17.178857,0.7032407522201538,5.81,2.450000047683716,0.0,0.3,2.34050925925924,0.9,3.0
0,2021-05-04 16:36:20.138310,0.9074074029922485,5.81,2.450000047683716,0.0,0.3,2.21574074074072,0.9,3.0
1,2021-05-04 16:36:23.111356,0.0,5.81,0.0,0.0,0.3,2.12499999999998,0.9,3.0
